id	filename	md5	size	state
07e24277-17a0-4442-9d56-b235c93e4142	TCGA-OL-A66K-01Z-00-DX1.C1DC85F1-4FAE-4411-9886-11DCB5E70CC3.svs	246ecfccfdfda3254c50f14f3082a4ac	3401266790	released
69259002-b276-40b1-affd-5f19efa62b4c	TCGA-OL-A66H-01Z-00-DX1.E54AF3FA-E59E-404C-BB83-A6FC6FC9B312.svs	b37053004917818d130355548cc2a3ee	3054813954	released
9f66d62b-cd1f-459a-9c4d-40b554faccca	TCGA-D8-A1XR-01Z-00-DX1.7F443346-C564-47B6-9736-6944230CAF46.svs	52c2c7416390bf740b15148510d3deb5	3050455081	released
605b7109-bd06-4b3b-8970-d8680c331b14	TCGA-EW-A1P7-01Z-00-DX1.97575C9F-C318-45A5-A4B7-1A902B93FA3F.svs	99a6c49c10009aada2c3860d31be4a1e	2909087403	released
eed0b09f-9b9f-4da3-b24b-8d916be3fa3e	TCGA-EW-A1PH-01Z-00-DX1.77e0f907-fe59-4dc2-b582-6f10330a9c01.svs	e5f640dc7262aad8abdf7c5ef6f7e08d	2764279457	released
32a5ad8f-4ce0-4256-a56f-4df0f8d959ef	TCGA-D8-A1JL-01Z-00-DX1.FE3F0C6B-F98A-4036-BF9A-25A8CC66B1FD.svs	c5a4b6ab1568a57a2add2a5f5350cde4	2587755959	released
919a8227-b4fd-4b0b-b940-e385df998081	TCGA-B6-A0X1-01Z-00-DX1.2A41630E-A8BF-4966-99F5-D5D8036B1759.svs	186dfcb771fe6d79a58ebc5fad0b314a	2537999805	released
63d21650-e301-42e7-9377-920497146642	TCGA-D8-A1J9-01Z-00-DX1.F81FA9EF-8129-4E17-A9AD-2B850782CC18.svs	47093dc6c784094e4a3d051ee36e1aa6	2508261765	released
dcbcf0ea-f460-441c-8f25-e61216a234a9	TCGA-EW-A1P3-01Z-00-DX1.EF69B964-57D6-4F8E-A183-A3022AF6E835.svs	06e5004a9623db9d3226ca99091984b5	2504209539	released
558682bd-f54d-42ab-908a-1ad15b2d51e9	TCGA-BH-A209-01Z-00-DX1.88B11AEB-11FA-4D23-BC21-378EF177E04B.svs	531e193a7ca5eee5b45562477bdaefac	2486684189	released
e2bf3d1f-c5cd-4551-bf2d-0a4fe79ae2da	TCGA-BH-A18T-01Z-00-DX1.90123A74-F631-4538-AB2E-4076486ADF88.svs	e41c4cb796e1d4627d1aac47b6deac4e	2416673463	released
c6c68d8a-1b0e-4c2c-807a-f7752a02634c	TCGA-EW-A1OX-01Z-00-DX1.9B19CBEE-E592-4A4D-839F-CECDCA20F4B1.svs	0fbbb61f65281fcc5ba2a3dd3b092d35	2410779591	released
db730e4d-857f-46e1-a1f4-d15daacfa969	TCGA-AR-A0TW-01Z-00-DX1.0C1EAE07-6BA6-4908-89E1-0133F3640174.svs	dadd3fe07efe9f6152b1b8149a446643	2401246195	released
de7f94cb-e730-464b-8012-c2600c5e6510	TCGA-AR-A0TS-01Z-00-DX1.2DB81A2E-16C1-4EE0-8175-65FA46768277.svs	9393ed6eb4a59f8994f4836e446d89ae	2399752529	released
dc155ae9-3151-49b8-8b83-990e81691464	TCGA-A2-A0SY-01Z-00-DX1.279A5479-E183-4F79-AF40-50BF1834BA4A.svs	1f16a31733940197000b9dae856416a3	2380096989	released
fd27d12b-3a78-4019-9587-991b672df809	TCGA-LL-A8F5-01Z-00-DX1.7579425E-1425-4160-A9DD-3D50F4C5428D.svs	181c61a6a0a8a216091936f5d4848b52	2364028443	released
a8ec7eb3-4e63-4368-b45d-57c2cdfe1f45	TCGA-LL-A7T0-01Z-00-DX1.B03BBA63-ACF4-4BCA-9F2B-F631F0C6A25C.svs	f630e6081dbd9215a6ed0182f462f7f0	2322346975	released
cef89fd8-7528-41c4-a667-8f69cd17d1fc	TCGA-D8-A1Y1-01Z-00-DX1.477390C8-2141-4ADD-813E-25220D2A71FC.svs	507f7c1cdacb660ab5bbd939eebbd550	2281277477	released
8d5f3c2d-38ed-41dd-a4b2-93a3fee7f07a	TCGA-OL-A66L-01Z-00-DX1.E01BA275-57A5-49DF-9376-1AD0BDFFF7E2.svs	593fa33ffef87cc482fc06b9b2afee3c	2280251720	released
48e4cb11-d63e-46b5-9999-f9e1e7b7ce21	TCGA-AC-A3TM-01Z-00-DX1.4421EE37-A2CC-4638-AC44-9C26CB09FDC1.svs	5ca497880808eaba294f3d4bfeeff5b5	2255728502	released
56f36b87-7402-4b3c-b18d-d10e56e2435d	TCGA-BH-A2L8-01Z-00-DX1.ACA51CA9-3C38-48A6-B4A9-C12FFAB9AB56.svs	412f2cccfa643de759fcb2e5b360f964	2252985725	released
53f6eba5-0a1f-45b8-956d-bd4df0996029	TCGA-OL-A66J-01Z-00-DX1.661F7F70-E4D4-4875-B8C4-556F7927F3BA.svs	db0b74051d10b5e581d235e57ae49084	2249782650	released
a220b48d-fa86-4efd-9e5d-f739a8db5ef9	TCGA-UU-A93S-01Z-00-DX1.C4809779-DF5F-4F5D-A78C-B7F95F2D050F.svs	b1551b8222b2316597089ae36501ff33	2234308067	released
2ab71899-2178-4d6c-9da1-9ed758fd6a95	TCGA-EW-A1PC-01Z-00-DX1.45369705-AD49-419F-A0F0-EC51473BBAB9.svs	587f2d65c76325ea77a74cee8bbade80	2223953887	released
d88d19c4-2040-42a2-ab64-42b8a8280e58	TCGA-D8-A1X5-01Z-00-DX2.E4D28EE2-9C87-4613-BD2E-89FBEF960DEE.svs	c990ef683b62c7e51421264638d4436d	2206403219	released
efed91ed-3aea-486a-bfed-b14fbc8f2d3e	TCGA-EW-A423-01Z-00-DX2.5EF1CF39-600A-4ED3-A5A2-AF4435A5F8B5.svs	46cc3fef5309b49d13899a6e4b9bde9f	2199647358	released
67c1649d-a677-453e-b731-89a08b4f8798	TCGA-AR-A0U3-01Z-00-DX1.9BB87F9D-459F-4A18-B591-29822EA5AE18.svs	cf758824bc23e03ee3203ab6d95d5238	2185576931	released
adf3d973-0cab-4983-bec9-d52f06a2fd52	TCGA-BH-A28Q-01Z-00-DX1.C6D1CA93-6B2A-4722-9270-5D56592D833D.svs	95925673c04b4d67a9ce9e02c1ea943d	2180366415	released
63b2184b-03f7-457c-968a-2243c41e74cd	TCGA-EW-A1P8-01Z-00-DX1.E9852193-8CDD-49EF-B49B-DA6931198F0D.svs	fdc44bdb5b51ced716cd8473f5d8618b	2166971957	released
17ec20fd-267d-4fb4-b236-822a7934c9f1	TCGA-D8-A27V-01Z-00-DX1.F937C53B-0B55-4271-843E-2C28F72CF28E.svs	5b38bff342f06279dcebf58663db1bcd	2157932965	released
2b0aa606-badf-425b-8005-a232518fd485	TCGA-B6-A0RG-01Z-00-DX1.C83D21A0-EC61-459C-9776-EA3D91469E72.svs	5a0ddf03936eda6925f592f32f0a76e8	2156588653	released
6c5d683c-dadb-4fb5-8769-166ebc770359	TCGA-EW-A1OZ-01Z-00-DX1.9639BB06-FF02-475F-A89D-773BE12721CC.svs	cd78471052cae4c2ee29a33bf8166df0	2148780817	released
877b5653-c08f-4d59-a9f9-97699bdb38d2	TCGA-B6-A0IM-01Z-00-DX1.E2CBD42F-D933-4446-BE7C-C2F8B5AFB976.svs	80a8c1de8343dab2949f116eb73fbdb7	2127702389	released
fd14c846-f78b-4c3d-8a40-bdc7fe1d6776	TCGA-D8-A1J8-01Z-00-DX2.5DCB3447-548D-442C-86B1-CEF79B8689DF.svs	1a0712d6818eac874ed8290029501002	2123358427	released
c796a50f-9129-4144-ba0b-e67f5d4fd5e8	TCGA-D8-A1JK-01Z-00-DX1.3190C919-A403-460D-9F6C-D2AB5FD3FD05.svs	37d1492539f3594d53235e7487df8cbb	2086269977	released
6a7477b1-86f3-473f-9bf1-174a758142e9	TCGA-3C-AALI-01Z-00-DX2.CF4496E0-AB52-4F3E-BDF5-C34833B91B7C.svs	e4b36bfd3f9b2c8d8692c0ce1c5f2870	2079652388	released
8202b7ec-974a-4d1c-857a-89e90151515b	TCGA-B6-A0RV-01Z-00-DX1.C46C2937-868D-47B7-B9B9-E51F5433BE97.svs	eb4f8b6de0d8d6f9ed6f9465b640c855	2077898811	released
111f155e-2330-4f38-afe1-d42838c23ad7	TCGA-B6-A2IU-01Z-00-DX1.3C7DF701-4ED9-4989-AA63-A6B7B105F6EE.svs	b5021a384633c32482f15f8ea55e6292	2069963519	released
8f0683e7-715c-4ac3-9d3c-164b7d20da0c	TCGA-D8-A1JE-01Z-00-DX1.714805A1-E337-46DA-88D9-6CE4B4E3C2D0.svs	732382cd5d6a1e13833e77ba3ea3d4f1	2061902771	released
1e9d6a1d-b010-4e42-886e-e5769fb777ab	TCGA-D8-A1JF-01Z-00-DX1.224EDA43-F822-4A88-814A-BA7D4C60F8CC.svs	13ea7933bd69b6a0b5ed1086442995ea	2059023865	released
4f8c0f93-5eac-40bc-bbc2-78cba1cf3e7e	TCGA-BH-A0HK-01Z-00-DX1.019036F5-647A-4EC4-8479-F2C100291AEF.svs	6881fa0361d97058878ae90d14b1cf52	2057884625	released
cfe3c99d-0c00-4360-b768-2cb4fbd1040a	TCGA-5T-A9QA-01Z-00-DX1.B4212117-E0A7-4EF2-B324-8396042ACEC1.svs	27fd9e24f2ac9701d108461e11db9e90	2057150279	released
6e2db77d-7125-40e8-bcff-d603c4db86ee	TCGA-EW-A6SA-01Z-00-DX1.DE032DD7-169D-4AA2-A4E0-1EFC158431FA.svs	b1c7a0ea3da67e54151a1341bb259421	2044559127	released
fea933ee-be08-4e79-b20e-d0d67bac87fc	TCGA-S3-AA12-01Z-00-DX1.2A991B9F-E7E6-410B-B0BF-635E3CC40C7E.svs	b535fb25926fbb3fef4f6b9ed87ab07c	2042345081	released
0441253a-5af1-4b62-9f75-9bfa19066cd8	TCGA-EW-A1OV-01Z-00-DX1.93698123-5B34-4163-848B-2D75A5F7B001.svs	30476b15410be30d486cf8b4c2871220	2042295257	released
5e926fda-4563-4104-bcdb-da7d9d6fc3bb	TCGA-D8-A3Z5-01Z-00-DX1.4DBF937F-623C-4212-8493-ECE3C8F555E3.svs	9428c9dd6b95bca21e301bcc277d74d6	2039537625	released
6dd13f9e-6446-4406-b2b1-fdcf0a0b81fd	TCGA-D8-A27W-01Z-00-DX1.CE2D4FEA-284C-44AF-A70F-7956D91CCB29.svs	26e1999205d6e3f8a3819b08ae117eda	2039118597	released
5f81d5d4-c4c5-4cfc-bb8e-af5bbe28db0d	TCGA-E2-A152-01Z-00-DX1.B0860DEB-D34B-4C5D-97F5-C1C646437424.svs	4255f4aab06af74beb1604cbcaf00bbc	2012377237	released
33edbe63-b23a-4a41-b47a-629d132e3a14	TCGA-A2-A0T2-01Z-00-DX1.29A5C4C8-6AE8-44EE-98C2-ACBCBFBE9D60.svs	0c657383e9a62ac7345fe18462a68c62	1989570599	released
8f936d42-6deb-43a5-995b-4af18e6a2462	TCGA-A2-A0EY-01Z-00-DX1.2F2428B3-0767-48E0-AC22-443C244CBD16.svs	196e6ff1d834c82e70305d672af43673	1979264021	released
d953668b-4a60-4e7c-a001-0d74e0ad6e93	TCGA-E2-A14Y-01Z-00-DX1.804A22A3-FD8D-4C8A-A766-48D28434DE22.svs	f8e213d032a1a801544ca3051af08164	1971660649	released
11faafb6-b10a-49a5-a55d-d6b9ec843ae8	TCGA-B6-A0IQ-01Z-00-DX1.662EA039-825E-41FF-91D6-021EB0E099BD.svs	6b27947aeeb80a0e0c522aca160809a0	1951881799	released
cd52f83a-2d20-4ee3-991b-fe3bd40384f7	TCGA-D8-A1Y3-01Z-00-DX2.B9BD14AF-52A6-4241-B3B3-03F8F5DFC8DA.svs	146f3b842b06bd5071e0678e822102d8	1936593579	released
83aa45a7-b531-42da-ba40-c0e14ed36f26	TCGA-E2-A2P5-01Z-00-DX1.375B5E5D-D8D0-425C-9163-6DF26E31BBE1.svs	88beee25a9e040381cecd2c042857ead	1931678159	released
86d7c274-bd7a-4dbb-b2b1-2fdf1033b4dd	TCGA-B6-A0I8-01Z-00-DX1.E576652B-C3F6-4A01-83BC-6DD154C75605.svs	d5dec6dd090d28ef33749dce44941c35	1876644881	released
a18c60c5-3053-477a-b892-305bf4e5bfe7	TCGA-D8-A27R-01Z-00-DX1.F6E2FD1C-0666-4788-8D95-A76D15907270.svs	2eab09664d5b04abf4bfff10d45c1600	1868431635	released
bb096ac6-7db2-4c05-850b-6552f370556d	TCGA-OL-A5D8-01Z-00-DX1.C0A75731-1DDC-4FAF-A2C5-2E2ECB23DC13.svs	0f7bc2f0f52d87ee46615800b2278564	1859066581	released
868f81c5-3348-4c24-b4af-6043dbac6e4f	TCGA-D8-A1JN-01Z-00-DX1.3B02989C-CEA0-4EDD-A6DC-21C3A957C640.svs	86dedcef5cdfea9bc826a2c05d989523	1856155441	released
db327a0a-0a3b-49f0-8b15-f17a04c041ec	TCGA-A2-A0EV-01Z-00-DX1.EA8C5594-BA4F-47A8-949B-D536E00E62C9.svs	b1373ab69ead60c47cd7a0d2bee5a5a8	1848347715	released
5d4c7a38-a574-4157-88a2-bd55f39e1599	TCGA-3C-AALJ-01Z-00-DX2.62DFE56B-B84C-40F9-9625-FCB55767B70D.svs	6cfb23a0d80dd31b3a4b1a203bb8b1fd	1839955836	released
66be7630-d2f0-4c0e-81a6-b70a803615a2	TCGA-BH-A5IZ-01Z-00-DX1.6C871030-82E1-463E-A67B-976A5F3DCDB2.svs	37db2065f0799240c9bc49e22de2a976	1822458573	released
f005c8db-e2dc-4c8d-a816-a18a7190384b	TCGA-D8-A1JG-01Z-00-DX1.BA6D5CC7-3A9B-4D17-A86A-B159D345A216.svs	e21df62c27728908e599d39ff12c4acf	1813354779	released
05731e24-2d30-4cb0-9c61-c8bdbfbf77b9	TCGA-E2-A1AZ-01Z-00-DX1.FE769F5F-385B-4DCF-819A-735C98D84FA8.svs	ebc2751c4a1de937f3712bb7bd9c20e3	1805426549	released
62dd8f98-0fac-4d85-befb-36b23e29eba2	TCGA-BH-A18R-01Z-00-DX1.07E6FA7F-5072-4327-9982-A40F010B7532.svs	bbb1da8e672c250e530722d86a5bab9f	1776131415	released
f742e4dc-011b-43f9-a675-b3864037f2c0	TCGA-AR-A24T-01Z-00-DX1.3B325D54-38EC-4E16-BDE1-628894CC15AA.svs	95336e02761bb705ac251bca22d6ac72	1772821673	released
327ec9b2-72e9-4c2b-8c7e-4c69818581eb	TCGA-BH-A0HL-01Z-00-DX1.972DE96D-51F4-4A2D-B074-8D965023DC01.svs	56577d78766dc545f2c60324be816edd	1770429357	released
d529adb4-9ddc-4035-956e-c0054f671bbd	TCGA-B6-A0I1-01Z-00-DX1.86BEC5E4-A2D1-4039-8D08-0598FA8BCC2B.svs	148adaa8e9abef52bab9dee7853feb31	1767394813	released
d6b8c999-7086-460c-b766-61d3f79437e9	TCGA-B6-A0IH-01Z-00-DX1.3463B12E-D1B0-4FB2-B257-BFD63BA2B6BF.svs	06caaae940d65f65b1cbe20b804600e6	1749201709	released
daedfd81-4a6f-4f99-a505-c9363c961f4e	TCGA-BH-A0EB-01Z-00-DX1.70D7BBA0-214D-4D1A-933C-7CFCDA5416A3.svs	edbe6da6a24cac250feb24d4b37d09af	1742274321	released
8d7a3874-4b3b-4866-aa99-2ac27490656c	TCGA-AR-A5QQ-01Z-00-DX1.4185D6D2-498E-4E71-8CB3-EDB4739C6229.svs	03ab91eb621e70a901a3d92613e50f59	1727494565	released
4e48e223-064c-4d63-91c2-6a747ca0f9ea	TCGA-E2-A570-01Z-00-DX1.64E5F2CA-9396-40DC-A300-04A54657BDE6.svs	520460307b1908d787f1e103d931ec55	1710329399	released
48803849-058a-4699-b974-cbbb0393d2f7	TCGA-BH-A0W3-01Z-00-DX1.38DCA2B7-1A54-4FFA-BABA-29F80974BB17.svs	96ca3cc6e8a5abaef6c8b1aa21cc3ec6	1706487485	released
decbdda7-e62a-4436-b233-28c5353d0f61	TCGA-A2-A25D-01Z-00-DX1.41DADDB8-3E3F-4F8F-8BE7-C43F8FBCFD2B.svs	b31591d202ef59947fdc1f9e4f3c11e0	1703054197	released
8929de4d-3935-4138-a844-433afe213f49	TCGA-D8-A1JS-01Z-00-DX1.76C592B0-DC6D-401A-9533-C9FE5B6CA08D.svs	523e7358528968b2adf1fda9933ae8fb	1701316857	released
7dd13c9e-e6c9-409e-91b2-6e83ee12246b	TCGA-B6-A0IG-01Z-00-DX1.4238CB6E-0561-49FD-9C49-9B8AEAFC4618.svs	ce8adbee8c345257b8ccd2c6557c374b	1695050779	released
3d9c3c56-1071-4987-9e50-457a5d2610a6	TCGA-E2-A3DX-01Z-00-DX1.75094CA2-CE51-4886-A564-BD10043A6E4C.svs	2fb5480a531db695725aec704a1a1967	1694738839	released
d6861a4d-02ac-4253-b5d1-9fc6d5fc71b4	TCGA-BH-A0EE-01Z-00-DX1.872EA586-25C8-4835-A138-152DFA1EBF30.svs	6e42c62793eca99707388933fdd0c9a5	1692124169	released
7864998d-7480-4cf8-8fc7-961daddd72aa	TCGA-C8-A3M7-01Z-00-DX1.846C75F1-2E7E-44F7-B21F-C246141558FA.svs	feffdebaa301a655bfc323e814902480	1688532587	released
919ee5f1-f2b9-4065-b07c-0b9687af5456	TCGA-D8-A27F-01Z-00-DX1.C1A87F27-49F1-46BA-B2E2-A89293F7FD0C.svs	7ce914de2aed809f588aa530aabe4991	1680613757	released
288f54c8-b143-4882-93f9-de08c9187c60	TCGA-BH-A1FJ-01Z-00-DX1.BCED4CEF-2B33-45BA-ABC7-29BEE818F4A3.svs	f6323a592a47bfec222940016a65296f	1676352221	released
abf27f46-f39a-4f2d-8e7b-423e5da54419	TCGA-E2-A14X-01Z-00-DX1.24ADDA43-F127-4A6B-9AAD-2FAD982A853D.svs	826f5b5f96cfd3ad289a0890e1f10cbc	1668584405	released
62e80675-cadc-47b9-9187-f545af4b457c	TCGA-D8-A1JA-01Z-00-DX1.BD43F94A-D5A8-490E-AED4-5F3AB24080FA.svs	65be04f8aa1d25295b649019e540af77	1653069049	released
0670f8bf-f09b-4f7f-8f14-683dceaf2cb0	TCGA-BH-A1FL-01Z-00-DX1.D3E9F46E-9A28-4AAE-8C87-D6F1851227A3.svs	acbb2224243dcb29089271183cfae551	1649811085	released
517db424-2713-490e-a15b-2740a84b9fed	TCGA-EW-A6S9-01Z-00-DX1.4A8CD2D4-D528-465C-82DC-9CAE35DD424B.svs	53e078d27eb75bbfa17c69e85364067b	1640372033	released
f506096a-6d86-481b-90ed-389e1b636c84	TCGA-S3-AA12-01Z-00-DX2.4F0A4F18-41C7-4497-A7B8-5DCE610E08AD.svs	1b693b83b345d770d95f2944cfa33e7e	1637969465	released
71aaec07-e27e-4328-88db-9ba29e969835	TCGA-D8-A73X-01Z-00-DX2.1ABCCE71-A70C-48C3-924E-2C8F5F71E269.svs	825f9ad012ddb93cf05f7e7673dfdd88	1626606012	released
d8bb2eff-1616-421c-897f-dbf75e509edb	TCGA-LQ-A4E4-01Z-00-DX1.CF422C39-614F-4F14-813B-95BB7B171977.svs	cd76f811fe04d9ff67b1768b84995f40	1624327729	released
e5709db4-28c6-4253-b3e5-96824ac15ed7	TCGA-A8-A079-01Z-00-DX1.DC32BC20-A3BC-43B3-B69F-1E71E289EA34.svs	ab27b90c5e8615277e17719d7cff5e75	1620649694	released
d2c7ad27-6090-421e-a12e-2cb66a5417e4	TCGA-E2-A1LK-01Z-00-DX1.5EBAA1F4-F1B4-4938-A51F-0246621BB0ED.svs	212d48c8958bee9518103ef34cb13465	1618078311	released
5c8c6224-f72a-4372-83c1-66453dd0a6c1	TCGA-C8-A1HG-01Z-00-DX1.F2AB6D0F-4D6B-491F-915B-92E838E79D67.svs	25f9308e7a9c0dc914e880915010960d	1612923587	released
3d22d2bd-4b46-4579-8638-11cc269c738c	TCGA-AR-A2LR-01Z-00-DX1.C686A7D6-0361-49EE-B6CA-672B3086243C.svs	aac661ca6d7ec5d67472d02be38668d2	1609546795	released
9828367e-9ee3-48ff-ad33-b2842f8f120e	TCGA-AR-A24P-01Z-00-DX1.08BE8830-C55E-4E2B-9378-371A670C75FD.svs	bfc7612b1eba81fcffac3c07915977be	1604985187	released
4730b23e-aea1-49a2-ba63-2231fd88b592	TCGA-E2-A14P-01Z-00-DX1.663B02FF-C64B-41A6-8685-FD61CD76F9C6.svs	22b18a6eea2790519592033b43f6f423	1597343893	released
41283902-1b1a-44d7-bc0c-a45b2ccd071c	TCGA-B6-A0RH-01Z-00-DX1.33DB5CF9-AC87-435B-A8AF-C4F84BEF15F1.svs	634bfc0a9a5ed8242bbf78e768c80af0	1586038287	released
edcdf8bd-c725-481d-b2c1-ff0f4f41e198	TCGA-BH-A0B4-01Z-00-DX1.A2CB0BF4-32F9-48FD-9B96-A744013BADDB.svs	55dbfcc8e40ba76288e137979ba0c133	1581325261	released
ec33774e-68a9-4744-a74c-eacdf1538545	TCGA-B6-A0IA-01Z-00-DX1.8A868F0A-6CE2-46A7-AF0C-C5FC5D657D86.svs	857c1e726ad441585ca48e840dbd2ab3	1569266337	released
34543318-23f4-48fc-aeed-fcab7991e8e3	TCGA-BH-A0DZ-01Z-00-DX1.138BAEC2-589E-4960-B94E-DF48DDAA5490.svs	019d26cffd097a93069709d9a8d221d5	1561015439	released
26df0760-35d8-4432-84d1-3beb68fa829d	TCGA-A2-A0CR-01Z-00-DX1.F7D36CA5-A4C6-443A-AEED-5B23CD924FA3.svs	3a874737b7622521a602b5daa34a3b06	1549149267	released
f4ee6dd7-36d6-45b1-aac5-8b0f44ba3bf7	TCGA-D8-A1XB-01Z-00-DX1.DA8E2FA4-DBBA-4157-8052-B90FB3BB58F1.svs	c6be618ef0cbc1e7d922f13125f250a8	1546387721	released
b997c3c7-af51-413c-9a06-e9582bc010e9	TCGA-B6-A0WY-01Z-00-DX1.FA103E02-3BDC-47DC-BA6E-59FCC58866D1.svs	f2a32588788ce95ca25967343d8f7a2a	1542599101	released
a72f8128-d786-4025-96c4-b67f16adfcd9	TCGA-BH-A1F5-01Z-00-DX1.9A1AA3BB-80B1-473D-B075-8D65A94C4E0B.svs	6bcf4bc5d06a0d50c8014031cc951651	1540608671	released
728d9e14-05c2-479e-8760-bf692653c8d1	TCGA-EW-A3E8-01Z-00-DX1.E185B2E4-3E16-4C66-90D7-FDB9A14BA00D.svs	0d1e561a8fdb9a93ad3d483e76dd3c3a	1536742083	released
1ab3bc78-a8fd-466e-82ee-7b985b4a8f34	TCGA-S3-AA15-01Z-00-DX2.915A4F90-25CB-4535-99C7-D0D0CFC90412.svs	260e957ed453a960bdac9bf45ec562a8	1526836349	released
6fe97bc4-b79f-44dc-bf2b-d33cd187977b	TCGA-BH-A0HY-01Z-00-DX1.D7A1BF42-F268-4220-B71B-354CE2AF32D8.svs	a06d2053e38b403dcb73a7f738101228	1519208667	released
490c4a57-24fc-4595-8b03-285ec9c61181	TCGA-BH-A18Q-01Z-00-DX1.E89E49C7-D62A-4408-A3D9-19E79FCB249E.svs	5e1cdc5a8e297614289a3825f41a8adc	1516526731	released
fbcf506f-03f3-4c27-930d-dffd828f8680	TCGA-BH-A0DV-01Z-00-DX1.2F0B5FB3-40F0-4D27-BFAC-390FB9A42B39.svs	67896ca0048f03770e37e555b2e9a075	1507162871	released
d36d6dd0-648f-4ca6-8414-77d5c10b2cdf	TCGA-E2-A15L-01Z-00-DX1.626032DC-D396-48E7-B888-DFEBCF7102FF.svs	ff4abd8c40ed2e7e7acc3b2dfcd63d5e	1502839245	released
416e4645-4ef2-4228-8e93-703d138834e4	TCGA-A2-A0SV-01Z-00-DX1.F5645E47-3540-4753-AF5D-F5709BD8DFC1.svs	0af6063ab09eecbd76ecc6896e5a8f88	1495994795	released
42feb225-ca44-40f9-979a-6fd4cdf3d2a0	TCGA-AN-A0AJ-01Z-00-DX1.74EE47B0-FE27-44CF-9355-C738DE1BD017.svs	5935117e98ea50ed1f8fdf8b31c49cb7	1493172611	released
20d69f17-d957-4dc2-ae29-3f28a9518868	TCGA-B6-A0IE-01Z-00-DX1.E6C4E5C0-338C-481D-B691-0385E8D090B1.svs	63f06e4c39dbf17671d7e036c8c0f33c	1487599029	released
411e68e5-a78e-486d-aba6-fdef038f9082	TCGA-LL-A442-01Z-00-DX1.9275EDBD-1C89-4AF3-B02B-19F613A4E083.svs	a0413e5384a58716a1336739e70500b8	1483915041	released
dca229d0-c1ba-4a34-a703-1f611f7fd15e	TCGA-BH-A208-01Z-00-DX1.C7A2885D-0535-4506-B06E-82BC62D6DFE9.svs	ba45a28cd103ec6c8e7434533957cdcf	1479519889	released
32d06207-b713-441e-878c-9d0dfbddde8d	TCGA-D8-A1JJ-01Z-00-DX2.7D20F308-7DC6-4367-9459-3AC4C654E7F7.svs	266c01521144fda3f333146ccb66b241	1468053437	released
e15f67af-fb62-42c8-a451-83b035867106	TCGA-D8-A1JD-01Z-00-DX1.6D215B14-DD90-4635-8645-AF06EBD9BA3F.svs	54e58aaaaa7ec9b7b05167d9609bae3d	1446974081	released
aef825ae-1b7a-4f6e-9c91-0875301eee06	TCGA-EW-A1OW-01Z-00-DX1.97888686-EBB6-4B13-AB5D-452F475E865B.svs	228f62aac31675f19252da9f11bd2ed8	1442343795	released
93083f52-c5d6-4e38-bf34-1d9658d2a1eb	TCGA-LL-A9Q3-01Z-00-DX1.94FA76F5-008A-401B-BFDC-817804BAE5F6.svs	2c23e8d0c4019edb8d5fcdce88a64670	1439635349	released
a524f31b-29f4-49ae-a136-5fd276950b5b	TCGA-A2-A4S3-01Z-00-DX1.50699E65-E536-4C9B-93A7-4C9894624A29.svs	76bd499fd7ff59ade0737b089e37a418	1436684841	released
454d3eb9-ff96-4cd4-9dec-17252819ed13	TCGA-B6-A0WW-01Z-00-DX1.64048633-1D1A-4074-8C50-7641159355DB.svs	b4c4754d0cff2443121e8985a531a4df	1433341729	released
d5f22fbe-09fb-42e8-9b58-3f68b264d22c	TCGA-A2-A0ES-01Z-00-DX1.5652EE30-48C1-4EC1-AD77-8C72DFCB9A97.svs	2694ce4908627811aa06e51fbfce22ca	1426146753	released
745c5fd8-def8-46f7-84bd-ea6c573156fd	TCGA-BH-A0B9-01Z-00-DX1.C23ADB4C-52D4-4DFD-B8E3-156E43F0E645.svs	ffaa58cc26ac78eaf78bb2f9075ca39f	1424359679	released
09a0d4a4-fa07-43c9-aed5-c292baa229cf	TCGA-LL-A5YM-01Z-00-DX1.2B8904A9-6A45-4FFD-AF15-EB81773E5B79.svs	a3c88e4dd323803622184919bf6885cb	1417183559	released
b58e69c3-e152-4a8f-a710-6760547578bc	TCGA-B6-A0WT-01Z-00-DX1.7ED21DA2-A3D8-4DCA-9742-963879A658D8.svs	bfc759fca55c39f4c0d0dd0d8f92cb3c	1410405405	released
87e7cf96-5ab5-4f26-b839-25cd31607c9c	TCGA-A2-A3XU-01Z-00-DX1.174A92D4-50B2-4A59-AD31-D5EC5BBF2F65.svs	4e97f84bca49d9dced82465a5e7d5aa5	1410189611	released
9aba5e69-27d3-46f1-9961-d9e8647e7f9b	TCGA-E2-A155-01Z-00-DX1.A5AF232A-61BB-4FDC-ABF9-2FE9BA461BDC.svs	01322bc898757eb07464c151a7e03bb3	1408752887	released
a9dac042-e1da-4ad1-b585-7e08128f3c82	TCGA-C8-A1HF-01Z-00-DX1.81EF9A57-54E1-4750-9816-5571FD18A297.svs	a6569e342ae3110d1c0e245717b669e6	1403476057	released
3d5cad1f-cebd-4581-83a2-fb0448bd8607	TCGA-D8-A1XC-01Z-00-DX2.10BA8536-D6AF-460E-9796-EB77FFE3EF5B.svs	c3330b3a135f3291270b98708ee6add4	1401669223	released
206ccd79-310d-40a4-852c-03930e685304	TCGA-EW-A6SB-01Z-00-DX1.D56E1922-01A9-4AEE-AB95-D69447DD13EE.svs	09f71a39a78d53f7ba588276ec584337	1394236491	released
0f9b1064-79be-4f8e-a548-2da38b227843	TCGA-AR-A252-01Z-00-DX1.2E7EE069-A0B8-489B-A2F0-3175FB58F468.svs	008c1bc85c8d251d7722aa82e695613b	1389426487	released
980ea997-6a99-49b0-a3a2-42243f13725f	TCGA-BH-A18N-01Z-00-DX1.FE0E24A1-8AE9-4021-B9C7-B408EE0DE329.svs	ce086c08b6db8a60c61326c0f66aee69	1383371133	released
9ce94e75-8f0c-491f-ac85-a723e6d4bc7d	TCGA-D8-A3Z5-01Z-00-DX3.BB83C7D4-F795-47E7-9A5C-7DBF0EB7FDAA.svs	c6cf34bb37c0570713d5aa7d3d53c7c3	1379928954	released
8916ac9c-9949-480c-baf1-fb87310a5e82	TCGA-B6-A0X7-01Z-00-DX1.A2AA8FE9-CF43-434A-AE72-7277D124BD0A.svs	cea2d913caa006ea065d15b4ab60bdec	1375496167	released
6d60c330-228b-4cba-bc0a-93c502d7f523	TCGA-BH-A0BW-01Z-00-DX1.39B0C363-46A2-4FFB-B1C5-C054A86F4A25.svs	b8a4833488442fbc09eea7ee3cd68af8	1372729159	released
a68c54af-194d-49ef-b76c-4be3537d9d78	TCGA-E2-A2P6-01Z-00-DX1.9D8060AA-881F-49FF-AEF5-B40A3625A44A.svs	607f1e53d5fad90901bd7a1c59dd71fe	1368537347	released
25aec062-60d1-446e-a1c6-0c79cc74a770	TCGA-E2-A154-01Z-00-DX1.01FC9B1A-8ECD-4467-9EDD-0B02E4AEEF72.svs	a8c4b68fb6e0ab3e862efe3ed1fe10d7	1360743825	released
4eedad9e-2464-4573-a937-302fbdce6a46	TCGA-D8-A1XS-01Z-00-DX2.ED8BBDB4-CEA6-4E47-8214-4666F3CC6E44.svs	0c8c5f1b145951194e0a942a75e1758f	1356037391	released
8fef8f57-cb43-43d7-a442-97d095ad203e	TCGA-B6-A0WX-01Z-00-DX1.1C4F7BCC-8423-4941-9490-0F35038E1878.svs	7f8fc246de9ff10d0015d81bacc339ce	1352093199	released
88a55e15-121d-41d9-a2a1-b40567408902	TCGA-GM-A3XN-01Z-00-DX1.49F5C8AC-0328-4BC2-9FE2-E7150B7A42E2.svs	7d8bb8a1bc27dbcea3ad507f4c358062	1351027971	released
9b8dec44-e674-4dc7-a8a8-c962c907b64b	TCGA-D8-A1JC-01Z-00-DX2.854ABF5D-40F1-48AE-802F-97D75497F1FD.svs	7723e895d3e7880a69f66a08af6b6ba8	1344945057	released
c580a40b-fafe-4322-92b7-b065c8bd9f97	TCGA-E2-A10A-01Z-00-DX1.98B19EF1-0DAE-4DC6-8B0E-963CFABC6724.svs	999897d92d1745ae4d2ff13d49b57b0f	1341476123	released
734d4a72-94ad-4274-8f14-0a9abaee1b0d	TCGA-LD-A66U-01Z-00-DX1.AEC25C62-0519-47ED-A85B-2A964BA2BA87.svs	405e0a29753ad0c036e473c5abec0688	1339308947	released
422b7a56-141d-48a5-a2e2-066d475c2e19	TCGA-GM-A4E0-01Z-00-DX1.55A5D765-AA35-4052-9185-6872B580F0F6.svs	b50d06d3699a1e8b89943010588a7f69	1335240259	released
f42f1f5e-8022-4fce-a9e2-af2702bac381	TCGA-BH-A1EO-01Z-00-DX1.0E624888-D7E4-48DF-B51A-9AD8F75A66B7.svs	c21cd33f6ffda9f0a49a7f3e9a2a0e6e	1329799671	released
77c41662-2141-474f-9799-97fb74401162	TCGA-BH-A0W5-01Z-00-DX1.84EA3913-667B-4694-A0F0-E629CAC615C8.svs	d2cf7dab4b827efa247e19f74bd08dc7	1321451117	released
83328170-e482-48b7-b972-fe82423434eb	TCGA-C8-A26W-01Z-00-DX1.CFF07941-6CD1-4CF9-BE5F-387DA67B66CC.svs	6aa4690a9fb3cf230d75716e568a1c8d	1319308613	released
64093c9e-aebe-4367-adbb-3ea85e3234c9	TCGA-A2-A0SX-01Z-00-DX1.219A994C-8974-4458-98FA-FB1F14868E04.svs	ba27c8f0c392bb069ef3ffe9b609fd39	1315819883	released
ea0ddd49-2f89-4044-a12e-c7e51b172a74	TCGA-A2-A0YF-01Z-00-DX1.6166E995-0669-43D6-B9C7-FE39BCE529CF.svs	8dcbfc943955f8de2a61d2567d4e9e56	1310284033	released
5afe4f66-f3e2-4d81-8eef-38210316cc33	TCGA-D8-A1X8-01Z-00-DX1.DDA3866E-C7CC-4650-BE2B-5C9A98A2D531.svs	95ca3a2ce4b5b203192f52fc88cd0409	1308970545	released
7bd4e08d-a667-44f2-ae17-238f8d45e79d	TCGA-D8-A1XO-01Z-00-DX1.A9EF6AFF-62B0-4E2D-ABC7-DC06FF473890.svs	091a68d14c453cf978c0c903d6928717	1299055657	released
632f427b-7429-4852-bf47-78e77350a59c	TCGA-BH-A1FB-01Z-00-DX1.9D778D1A-07F6-450D-B7AA-0E17B4D0A88C.svs	41d7daea28f2994896e6222acc13ec4d	1297246183	released
4a018dfe-d526-4943-aba1-9cb633788b73	TCGA-GM-A2DH-01Z-00-DX1.5790F15F-2A0F-4929-8FE4-18A557007989.svs	e0018401cdbd21c37d2225dfcc591906	1289189935	released
919bff06-43b7-447a-ad9f-85854b0f72fc	TCGA-AR-A250-01Z-00-DX1.572A2F73-6BF5-4932-BFEF-4B8904755ACF.svs	6c59f3c495ab93a07d4e812e34aaa131	1283668081	released
4dfc089e-181e-4039-ada7-72c2b8ae802a	TCGA-E2-A1BC-01Z-00-DX1.FD19F2F8-497F-4D7D-97C6-271DC6B75173.svs	b9e5912a8063ac7eae6beb25ebd6b346	1282951675	released
1e3d7e89-ee2c-46fd-8697-2e62886657fb	TCGA-LL-A5YL-01Z-00-DX1.164C74AB-87D5-46CC-9D96-33FE1F88DC80.svs	b0394b138fefd48d2a2f43b7900fa284	1281197011	released
54fdec52-eaa2-4fad-8bab-ff04b2c92114	TCGA-GM-A2DL-01Z-00-DX1.1CE6992E-B1CE-45AB-B2EB-75338B6FEE9D.svs	328a16119ea1dca519d25f10e528773a	1271160953	released
f6f7b32b-33e4-462a-9f83-2a3f74a6302a	TCGA-E2-A108-01Z-00-DX1.B110ED43-08A4-476A-A658-1CA75F7C0DDE.svs	bbfb0a3ed05e94e6d4b9a23ab62cb63e	1265767721	released
9062e57f-7498-4faf-b34e-b018176ee272	TCGA-E2-A15H-01Z-00-DX1.E3A9DFDC-204D-4F03-98D9-97BBBB74E840.svs	7a9450c947e5fc851cee01a0bb34ce85	1259692849	released
a866f667-ca52-46f6-9bfd-7f89515aad2e	TCGA-Z7-A8R6-01Z-00-DX1.CE4ED818-D762-4324-9DEA-2ACB38B9B0B9.svs	52b3131ecc5e3e910d82bd228597a1ea	1253910023	released
a732edc7-f8b6-4be2-9e8e-e2dc589206e6	TCGA-D8-A27K-01Z-00-DX1.25AF7928-046B-45BF-BAD6-F34156203F5A.svs	20b1517423a0e3add93a6054ff60217a	1250623351	released
295469fa-186f-4b50-881f-07e63e4405cc	TCGA-EW-A1IY-01Z-00-DX1.3FD00274-C2CD-491A-915B-23FD535A4723.svs	e6779cb94a0930e344839fd00fb25ab4	1249376217	released
78fadacf-2a91-4067-b377-a38a5411f6b4	TCGA-B6-A0RT-01Z-00-DX1.6C2BA663-D61B-404B-B62C-B81747B6A3AC.svs	2ec5867b4a516d2f8472d5d031a20acf	1240266001	released
ecf2d2d4-5d3d-4514-b623-d58e366949f6	TCGA-A2-A3XZ-01Z-00-DX1.B7A1344E-7015-4A21-B3D4-EB760161BE7C.svs	ecf4256fb362de97404e958ec9f422fc	1230827647	released
499207be-4cec-4a7e-9d37-66b9b3ae833b	TCGA-BH-A0AU-01Z-00-DX1.E852F218-B15C-4CF8-8FD0-F284043834C4.svs	6db5e0d565105650e8bb76b94356ad76	1228408521	released
ba28ec65-861d-4dc2-8ee2-8f5c38cb3804	TCGA-LL-A6FQ-01Z-00-DX1.D4FEEC16-FC67-4C4A-A4B1-F8BA34ECBCBD.svs	6284bafac29d50bbfaccce7ce7fd7192	1226267751	released
a5fef0d4-d358-490d-aca4-8c1eae62be3d	TCGA-BH-A18V-01Z-00-DX1.7797760A-05CD-436E-97DA-31D6201F943B.svs	b0961c2b14627fa6fa15a92eddde55ea	1222805917	released
41f5232a-95f7-409b-a37e-071219c9725c	TCGA-E9-A249-01Z-00-DX1.CA244384-FD89-44F6-8F94-A060A4C241CA.svs	55933e90d2bbe2d9d3a4369fe1416ec0	1220900355	released
bf54bcf8-8a00-427f-846d-0e4754c21ece	TCGA-B6-A1KC-01Z-00-DX1.4DD3E48B-F434-499F-9FF1-0FFD2883A375.svs	3299764c9087f96391a000132f516947	1215529689	released
7a79416d-74da-48a6-8c44-df4f41b04e3a	TCGA-D8-A1XQ-01Z-00-DX1.1A17A5C7-F14B-4AD2-AD5F-D3400D86A366.svs	32a92f4f5c28cd14655d6c587da07a8d	1209729719	released
1c8203d6-e6b9-4224-b757-e654fe112d28	TCGA-LL-A5YO-01Z-00-DX1.B5B6DFDB-1020-41FF-AA50-9C633E17DE5F.svs	9c14aa8d9bc5d6f387e78de0bcb15fce	1208256171	released
1090010a-c5b6-48d9-9fe8-0c798586096c	TCGA-OL-A6VO-01Z-00-DX1.291D54D6-EBAF-4622-BD42-97AA5997F014.svs	6ee11d66c3ff1b0c7d1296dcc1296995	1200767524	released
26eb27eb-84c8-4fea-a51b-c3eb5c484b33	TCGA-E2-A1LI-01Z-00-DX1.503dd2fa-23ef-4b11-8aab-301e069eaa88.svs	fe7ae81c0e240db74138d286849b79d6	1198183851	released
bc6cd9e3-a33c-40da-bc82-cf85d2d03106	TCGA-A2-A25C-01Z-00-DX1.F8E6044A-435E-42D5-94FF-C0F572F1ED99.svs	93f35f9c6e88cb8e821493021d993abe	1197368677	released
8d9b210f-dd32-4d89-8da6-d84a51a78a6c	TCGA-BH-A1ET-01Z-00-DX1.05C126CD-CC10-44BF-9A68-6CDDE97272B2.svs	8a37ce6bb78295e49270216d2eeb7895	1185260255	released
c2af27eb-07c1-471a-96cb-5a95bd0b61d5	TCGA-EW-A1PF-01Z-00-DX1.9420D058-65CE-4DF8-815F-EB407003096E.svs	f6c0d178d77fd71747e869a20a46ba76	1183467829	released
1973e64f-fdcb-4237-81a1-75e26a52a423	TCGA-E2-A14U-01Z-00-DX1.F788A244-6C96-4CDC-AD9A-157DE951A723.svs	6ba15376407a5eed49860098c393067f	1178536369	released
fde7b886-1909-4e13-b1f7-77bdca8c2042	TCGA-A2-A1G4-01Z-00-DX1.0274DF5B-5920-419A-B778-2F04D9C602F2.svs	2c8649d69428ce89d55388a6fc4bf3b3	1176072555	released
4ee14819-c89c-48e8-b4ae-57a98757e436	TCGA-BH-A0E9-01Z-00-DX1.5FC4A5E1-3984-4869-9FFB-C0C7F9EAF5FE.svs	1d6b320abf6290a3a9b4b168af808009	1173561805	released
0018cc22-498a-45b8-bfd4-b0fe0c3a2f0a	TCGA-S3-AA15-01Z-00-DX1.A2456A4A-E6E8-4429-8F09-B997AA497BB0.svs	268b85a5d4db9405c646f7f7b148b921	1168025971	released
a4e25e73-263e-42a0-9cc2-5fa6fd09e083	TCGA-BH-A0BD-01Z-00-DX1.CD4A6FC2-BA8C-4E30-972A-E6CD1BEAD8AD.svs	c31dc90bb86899688f43c211d1515339	1161629023	released
da475c4a-9172-47e4-b307-56d73dc6de12	TCGA-A2-A1G6-01Z-00-DX1.BCC3EC46-CEBF-4B37-BCF0-266D18170B54.svs	7dd779bc93df7a561c283a20c4963d3b	1156977821	released
c38768ed-334f-4575-857f-7b8fef972638	TCGA-BH-A0AY-01Z-00-DX1.A1153465-D9B3-4D83-BE85-F2524B071EE5.svs	f705fa901cbf0a3ee7d0b09c5aa9e59d	1154259433	released
eaf9abed-214b-4933-a4e4-1286b36d5f73	TCGA-D8-A1Y2-01Z-00-DX1.77451A0F-00FD-44A9-A0D0-CB7A39CE74CC.svs	5947fff7ba3002812051840cdd8a7939	1150830107	released
d6ce13b1-afff-43d7-9b7f-44f5fa57d230	TCGA-OL-A97C-01Z-00-DX1.BDEEDEE2-6D07-4046-A8A9-D6FF8F337393.svs	e8cb4370507ec27beaf86e71c771077f	1150062317	released
a922d6c7-1502-4ebe-99a3-14e531e964b7	TCGA-D8-A1XF-01Z-00-DX1.8B9AB4A1-DEC5-4587-B022-3077CCD220F9.svs	89c41350f507d6cfc11a8dbd2c1a76f7	1148454653	released
e1719658-41cb-4af9-b40e-fef0bece3d1a	TCGA-BH-A0HO-01Z-00-DX1.D3D66547-F5D4-40F5-B737-2FECEEB35ACB.svs	871cfc969a38e1115c5e1b172f06b0ce	1143469825	released
e210b5e1-14a7-4b6f-b45b-ab2b8d3332e0	TCGA-E2-A1B6-01Z-00-DX1.8CD458BE-C4F9-4AF3-A927-18C042E9B4B7.svs	5267a9df338ef8160150fd9132d91df7	1139176677	released
6e9483cb-7b12-411d-87a8-83c40fcd90ed	TCGA-D8-A1Y1-01Z-00-DX2.B58DC955-F864-4E78-8B1A-8156E2F7D554.svs	e050f1188bdc36a8ec9ab9f8f7393817	1138205821	released
8bbe9bd4-ac73-4102-963b-3f9d53f0c48c	TCGA-A8-A086-01Z-00-DX1.E5FD8C53-2068-4018-B3C0-08EED253ACD2.svs	8b3536cde841d83502735069025c613e	1134447342	released
ef35617d-aa6f-4458-a7e0-4eaffc5eb2f6	TCGA-D8-A1Y2-01Z-00-DX2.A563ABFE-18DE-4D78-BB66-9CD18D3CBE3A.svs	be01eb145edb30b239c0c7a90adcef0b	1127972457	released
4f05f1e5-9e33-47ce-88ce-2106022ff892	TCGA-E2-A1B4-01Z-00-DX1.E585C4FB-0D3E-4160-8192-53A329648F5C.svs	ec018d03795276bd144cb00a6730426d	1126690099	released
4cefe74a-c117-4363-a209-67951f3740b2	TCGA-E2-A10C-01Z-00-DX1.29A2B20B-29C6-4491-ADAB-0584C772EF25.svs	0e603e4e06385188c4ca7ddc032d9b12	1125048907	released
1af1ce83-19e4-40a1-a0d8-d0325c0883c9	TCGA-D8-A1XY-01Z-00-DX1.AC051FB4-1D51-449B-BF2D-9DDB4382414C.svs	d078b1d1ecead407815b7f9fac9a0539	1120891893	released
b1599f4f-4b9d-4d2c-8b70-9eb08b8b3110	TCGA-C8-A275-01Z-00-DX1.44D27E67-4DD6-4893-B38A-01E48F5A358A.svs	892cf89d394fb490be2c91af0c717cae	1120152133	released
619b031c-83b6-40d3-a21c-bb3050215120	TCGA-D8-A1XV-01Z-00-DX2.D1988E01-5FDC-4F50-8183-F0CCE74D0CB2.svs	df0e8bdbf24cd447ce0044376c220c2f	1113060369	released
5d19e291-0437-47a8-aee6-3b3adab803ec	TCGA-EW-A1IX-01Z-00-DX1.72AE0E0F-B213-454F-8275-76A7C43FAB86.svs	283a277d0e15466200d894eb64558d63	1106832283	released
d93a5cab-9a8a-42c8-973f-5868e748e8e7	TCGA-LD-A9QF-01Z-00-DX1.092108DF-1A60-459E-ACE6-5A71826A98D1.svs	5e66e7db90df71b660398073da18e0c8	1106507125	released
35ed3b43-99d6-4a9e-9b1b-1ded7e2ee7c7	TCGA-E2-A15O-01Z-00-DX1.4D0F3975-93EA-4DC2-AD0C-A76A24C3AE0C.svs	0b240ef03e8dd343fba5285f43839f92	1099530735	released
2796a1ce-f49d-4653-8cdc-239ebea7a31b	TCGA-BH-A18I-01Z-00-DX1.EE699DE3-EBF4-4AB4-8319-9911F027FA18.svs	6d8338a44e623f92ace40f1e6e6c69ae	1098186099	released
0ce5fcd8-3ace-4213-ae59-844c11a45f7b	TCGA-BH-A1EU-01Z-00-DX1.5A0956EF-0100-47FD-9026-1994CF22D0F1.svs	98dec1a4ec0cfbf00cb6f18669235354	1091872439	released
1ddaf37b-31c3-4e1c-86b4-8927fe67c3d8	TCGA-BH-A0C3-01Z-00-DX1.14D3210D-0CBE-4DCA-A986-A26AE5382502.svs	3fa7a44e12cb296af47fee83d604b68c	1082867913	released
8c813d3f-9633-478f-ad25-35b867357c77	TCGA-BH-A0BL-01Z-00-DX1.D5A413B0-2141-4A6F-A671-6C5EA8641D25.svs	bd7179e350f1bac86d03e42a78095ea0	1074817217	released
dd2cd2a1-068e-41fd-b525-2ec9f98bf991	TCGA-E9-A245-01Z-00-DX1.648850D5-EB80-4FBE-8507-32313FAD1060.svs	747b978abfd114073446c0c367b1c23d	1073757619	released
0f93bc51-9428-4241-8e03-765c47ce709a	TCGA-BH-A0H9-01Z-00-DX1.8AE869C6-5C78-4D52-AC8B-5B6FD5FD91AA.svs	15469830d088c6fd7e787eefadbf2377	1058628405	released
16a11d0a-840a-4e58-8add-d975dee09f6d	TCGA-BH-A0DP-01Z-00-DX1.5550557D-4E5B-4B57-8C1E-9290A7AA32A9.svs	d271610d7edb39423be76157950739ed	1056642479	released
b0ad06bf-f7fc-4b29-9620-c84ee1ece625	TCGA-A2-A0T7-01Z-00-DX1.EA4DF9B5-8D04-4BCC-9ECB-CB8CB8ACBE1C.svs	cca8b9f626fd9d515a8ed27bc98bc49e	1054121393	released
fb600c7c-df59-4cbc-9282-70b0e070561a	TCGA-D8-A3Z6-01Z-00-DX1.4076A770-5901-4325-85C3-AF7B192272F5.svs	a6fa314e659c7035dd21462583a4f944	1048138163	released
1d3ef9f3-dfec-4c41-b2ce-99db6794d0a9	TCGA-S3-AA17-01Z-00-DX1.9B7DC02E-ECB2-4403-A894-F418AD452E49.svs	81f9839805f1d8b2996c5e90191d6318	1046790667	released
0dec98aa-fb71-4367-8d39-6a71ae06e442	TCGA-A8-A09K-01Z-00-DX1.41B2DF5F-C0E1-43BB-BAA5-2946A9EC4650.svs	e984afa92734d962f2d34bdf7295c954	1044914964	released
7a7acdff-a892-413b-a325-54348e7cab42	TCGA-B6-A0WS-01Z-00-DX1.020ED7BF-9497-4F13-AA07-FE0E839F9A06.svs	10cfc783dcbc242a0730036cafcbccf3	1039861271	released
dc23cc0b-fd4b-4b2d-a30e-bf8e9e2e4ddd	TCGA-A2-A3XX-01Z-00-DX1.03C6D70F-2833-4E97-91B7-DE70CD083D92.svs	d7ac175985b306cbbb5e6604cc90a870	1034753429	released
54d20f52-a7b1-4814-ba36-082108f23b59	TCGA-E9-A22A-01Z-00-DX1.d986c9eb-2c54-4663-a54b-04c0756db6db.svs	c9722085bbd7d15ab4d3d27ff932fb7c	1030716287	released
ded10b7f-e408-4b52-b735-dfc530e6bc5f	TCGA-B6-A1KI-01Z-00-DX1.EFAA08A8-02EC-4A9B-AC6B-79BF2DC5A2AA.svs	5cd5b94b10ed6df271460e33954ff967	1026164573	released
6e0aa823-3645-4de8-9c13-6cf2f5a8796a	TCGA-AO-A0JM-01Z-00-DX1.94E75EFD-E5F5-4DF8-93A0-ED94CB4D203A.svs	b9c3be3deb46de1095412088a5f69730	1022793962	released
baf6eef1-9c9e-4022-b19d-c1f1e438ed93	TCGA-AR-A1AX-01Z-00-DX1.2389D54F-545E-499E-B392-DD731834460A.svs	ce82c2e11e31607d7ba32c7686397b11	1021041617	released
fd6a8fe0-50d8-4f69-b678-1a884e1c5d3d	TCGA-4H-AAAK-01Z-00-DX1.ABF1B042-1970-4E28-8671-43AAD393D2F9.svs	cedd01a8cdc0854887f75aef21049cfb	1016839805	released
175dd073-e97c-4533-8dee-6ba2069dc87f	TCGA-A8-A076-01Z-00-DX1.BAAC4F9C-0C04-42FB-95F4-D765305089B8.svs	0d2d2825694aca065dc41bbde48109b2	1016046268	released
5a822fc1-4417-4d6b-8e65-09fd83367503	TCGA-B6-A0IO-01Z-00-DX1.D8898C30-4016-4983-9359-5C1507C01715.svs	352242ec0424da58404b08cbc21051ba	1010886595	released
c7aa08c3-b354-4ed8-84b3-4a1eaab57ca8	TCGA-A8-A08L-01Z-00-DX1.0FC652B1-336D-4198-93FE-58D2214866D3.svs	becff6ead98b166bfb80a23563a4b459	1009459386	released
b4b672d5-b1cf-4d98-90ed-bb2ad4efebde	TCGA-A2-A0YK-01Z-00-DX1.FB23FC30-B3B2-452A-A6B0-94129B333207.svs	337625e423d2cce8ca1486aba26f0937	1001699431	released
c2d93ecc-ec8e-46c6-9d51-3dc71be1d252	TCGA-GM-A2DC-01Z-00-DX1.39F956BB-52D0-4385-9923-4D7D36D78862.svs	b35920178890bc40ffd048f8fe8c2ef8	999370311	released
161e66b9-29e7-458b-b5a9-1c5c8a4be659	TCGA-D8-A27H-01Z-00-DX1.BE9DFDD4-97C5-4327-B1DA-4B34A6F267C5.svs	345942071ce461a59b6b3669bb0f8856	996725493	released
5fb6b961-39e8-4f05-9bad-ff0acbfd8328	TCGA-BH-A0H0-01Z-00-DX1.B3B394DD-1F4E-42CA-BB51-C002E423B3D0.svs	23c711f0665388f81a1dc0ca06026805	989790419	released
a3119d3a-4666-4e42-a38f-14d6746a370c	TCGA-A8-A07W-01Z-00-DX1.5970CF33-D675-4AF4-800F-7182AA1A44A6.svs	d3be8161ba57856c5d2ec682ce161e08	986366394	released
dea76d5a-468d-449c-ade6-835530544989	TCGA-A8-A09X-01Z-00-DX1.17B5BE28-944F-427B-8F90-44885C3EDD36.svs	e0d2e27bd531a79a6b75fb7c299b265d	981650098	released
8385b86b-c2fb-42de-9ff9-241fce909dfb	TCGA-D8-A1JP-01Z-00-DX1.B02959C4-6AAD-4ACA-9838-61D224D838E4.svs	cf5997a4fdef44bf4d720544e211e1ba	976427639	released
3546de6f-c1e0-4ed3-8b82-8cacbc9ad195	TCGA-A2-A3XW-01Z-00-DX1.45F5F36F-5503-4A38-AF37-E526915A8DBE.svs	d3a3d4e1684dbaa14c054a321bb610fa	973343955	released
e6a78709-9195-4657-a537-a51e7e7b7c97	TCGA-LL-A73Y-01Z-00-DX1.50C20931-3AA9-40B4-8A73-56B1976423A8.svs	b3f6cbf507fc5b0781d25cebe9634e29	966989249	released
7d502331-7d99-45fd-9f78-781b083f5017	TCGA-S3-A6ZF-01Z-00-DX1.E50205A0-63CA-49DE-8831-2A8916DEF403.svs	e5f450b202255381806b6934b759c715	961494067	released
9cdff1f4-7124-4870-b748-fa97601122f2	TCGA-AO-A0JL-01Z-00-DX1.473CC200-221A-4777-B19E-ADC41D10FC94.svs	db2076ab9bce67413909de2d847b4862	960616448	released
471afecc-f0fb-4862-8474-b698feb6f2cb	TCGA-A2-A04P-01Z-00-DX1.5B481E02-D269-4732-8FDD-6494E6EE2B71.svs	89295467953d47f0c81a0c4a06bbaf6c	957094502	released
edaed3cc-ec4f-4792-aab7-27078b0f30a3	TCGA-S3-AA10-01Z-00-DX1.C0468882-0DD8-4FC5-8C2F-E18BE8000F69.svs	ca8f229d201be8df8466b909c9c83516	955376277	released
40b5da84-5b98-4444-9745-2f1ebe5132e4	TCGA-WT-AB41-01Z-00-DX1.75BDFDF2-CD87-46D1-B32C-725741CB02BE.svs	eba9a37fb14c63c57e45efed0cd0bf3e	953500539	released
c30133b9-3e6a-44b4-812f-a003e698225c	TCGA-AC-A3HN-01Z-00-DX1.1AA71B9B-1B61-41A9-91CF-B7649DEC189E.svs	5b14f96d6329767a7b2a81d1e6ae2ab9	951343170	released
e067bf95-0f1e-4894-8772-1eb38bed4629	TCGA-E2-A15F-01Z-00-DX1.F022214A-3F0C-4DA4-A0EE-735D27480A45.svs	04710a11f078f3d29ba3c6e5069ed588	947747667	released
8c12f513-cb32-4c96-9308-54e6379f4e10	TCGA-A2-A0EN-01Z-00-DX1.F43A5D17-9267-4963-993A-93AC91BDC031.svs	807811274c187c5f81d347bc4f67c965	945250539	released
4ed46863-d7e2-4827-bf92-55d9a31df30f	TCGA-D8-A1XU-01Z-00-DX1.769DBC38-6F0D-425B-A904-79EBA1C119EF.svs	81a91a3ded6811ee5bb5578b1fd5d4a3	935872795	released
c59e3b8f-04c8-4998-b873-b74334a552d6	TCGA-A2-A0CS-01Z-00-DX1.3986B545-63E8-4727-BCC1-701DE947D1FB.svs	ff642f23c60f645013a2d5f0ad5f38d3	935255471	released
06d5917c-06d2-41ec-80f5-511d4d27b82d	TCGA-AR-A24L-01Z-00-DX1.218A0AE1-D070-4A16-A277-31185F10724D.svs	34317854540608ec8cda72e0c11bacab	928607179	released
9a169dda-e4c8-45c1-b0e8-d092916084fb	TCGA-C8-A12W-01Z-00-DX1.3727E7BB-831E-42DB-B5CB-F2D7C649290F.svs	f694b05b37336ec21000978988b12348	928465089	released
df1645c7-0db5-4262-8c8d-b8577f272914	TCGA-A2-A0YJ-01Z-00-DX1.8135C74E-DAA8-4C8E-AF14-A4B5B57695BE.svs	6624209193dcfd0946ca4bb029697ebb	927073895	released
dd988de8-397e-488d-aa6b-03de44276da4	TCGA-BH-A1FH-01Z-00-DX1.F90A691F-B6DB-4C4A-9975-9A2CB01F29E2.svs	f4f5d354cef99ad0566de834c5fa496f	924566167	released
92b020c8-1e0d-4f20-8f34-b9c66b2757b1	TCGA-BH-A0B7-01Z-00-DX1.6950CDDF-8A81-4B10-BFFF-BE0E33A2C6CC.svs	bbc787d4002b38beaed812ae6e22e65b	919844541	released
266c3852-f5d0-4815-94d9-dac5b0ff8276	TCGA-AR-A1AY-01Z-00-DX1.6AC0BE3B-FFC5-4EDA-9E40-B18CAAC52B81.svs	1980b183d5bb948c2fc263af62a4b1b4	918454431	released
d06d16c4-180b-49e4-95c5-0e3593d6e51b	TCGA-AR-A2LO-01Z-00-DX1.A8C81E1E-B224-4CF4-83D4-FFB2F51A7002.svs	da028a94c338c4611f554de83cc6135c	915444567	released
b7a83dd7-c3b5-471c-8c44-355e45fbc00e	TCGA-AR-A24S-01Z-00-DX1.317C3B19-0D0F-4315-AC2D-C741F09DD775.svs	995ffefc0a9cd8fd340749b95eec97ef	910049677	released
86538d07-4a39-4c65-80fa-3e530660eb46	TCGA-AO-A12A-01Z-00-DX1.4E9609A7-9AAD-40A8-8344-8369DF998006.svs	56ebfed868d3f007e91b4cd3fa96b1f7	907553922	released
5364f618-e7f1-4d98-908f-cd8460d152ed	TCGA-D8-A1XM-01Z-00-DX1.5F6A140E-5D20-45F6-B76F-0F98AB27AD08.svs	77032d0773521bb24a8f3532f3e8c297	905968893	released
7f34211f-c7b8-42d7-93ba-481546853af5	TCGA-E2-A1B1-01Z-00-DX1.7C8DF153-B09B-44C7-87B8-14591E319354.svs	27ecbc0c02a1ae646b68ddc9be5fd888	902337399	released
2c83bc8f-ac3c-4749-921a-cdef6f872704	TCGA-BH-A0BT-01Z-00-DX1.9087B9E7-C0CD-4179-AF57-AD9255785169.svs	fe86aa1c33e719e7ec8b62d4969ff6b3	900291989	released
1e5499b6-73e2-463f-868b-e5652e3fd575	TCGA-LD-A7W6-01Z-00-DX1.3E125146-B447-4973-AE09-6D374970B46C.svs	76f6a33f79534ddca81cb0fb2dd7914f	900025969	released
5898b4df-56ee-4ae5-8dba-faf255ec5270	TCGA-OL-A66P-01Z-00-DX1.5ADD0D6D-37C6-4BC9-8C2B-64DB18BE99B3.svs	9ffabfb5b1f5af6633fb5a74df8db1a8	887974320	released
de164576-7347-450f-aeb5-61fc71dff009	TCGA-AC-A2QJ-01Z-00-DX1.48C303BB-5A23-4037-BD28-77629A8CD9DA.svs	21ee4d4f4c41384c6ef22f9b6060c792	887401648	released
653800a2-0ece-43ff-92c9-31621affe3d3	TCGA-E2-A15M-01Z-00-DX1.6E4671E5-18EA-4464-BE7C-C94767136E5C.svs	f2da0ffdc8148e5bc1efa019696cecc6	886238793	released
ccfae7ba-5505-45d0-bae0-5cc245f869b8	TCGA-C8-A8HQ-01Z-00-DX1.A08190B5-F17E-4057-9DBD-B2F34CAEAFDC.svs	dbd64a392377a483a629b21bc60da2ba	882507509	released
73f67a22-be29-4f3a-856a-8865e6eaa76f	TCGA-E2-A1IO-01Z-00-DX1.C812D02F-3B40-496B-9EF5-7F68ADE64962.svs	6686c9a5f98a9bf5cffc070f9a120ae1	877165739	released
385f9302-b211-4b8b-805c-078dccf64b89	TCGA-BH-A1FG-01Z-00-DX1.DA665FB6-9DD9-4B18-A925-2EFD9BC4C43B.svs	4cfa06772f1c723ac8f4f6fa5d11c6bd	870583257	released
4b7aa28d-2cc7-4fac-a789-21a18926917e	TCGA-A8-A0A1-01Z-00-DX1.CA64E221-E2A8-42B5-B611-25B9FE5FB0B0.svs	de8d980e6faeec2c4b4648c88086260c	870438414	released
5fd4b14e-7f72-47e1-b0cf-b5b39389171e	TCGA-BH-A1FM-01Z-00-DX1.860C5169-FE2B-43A6-A13D-E736374303DD.svs	72e3db9cbfd4117934d7da3f686d610f	869695751	released
4bc7607b-c1e3-4394-8e6f-0a343d79eddd	TCGA-BH-A0WA-01Z-00-DX1.C0EB7B73-5529-49EC-B660-3F849B041963.svs	cf5807173888569b4924c542c0c31d2a	859672763	released
c5fae5f6-db9a-4b48-87b9-e57190c8be3e	TCGA-BH-A0B8-01Z-00-DX1.380ABAE9-EA83-4E9B-BFB2-6476A86C1ADD.svs	37d12fc004cef7eb8f3a4fa4ae4eabac	857418271	released
bccd8a37-1053-462a-a82b-f3ccd0a2ab4d	TCGA-E9-A2JS-01Z-00-DX1.445BA2F8-3A4A-49D2-8D41-4ACFD32F2074.svs	01cff95f0b879639c28325ddee19dbb7	852410247	released
9e4e1b4c-8d44-4bdc-8b9a-272a6c13e7ae	TCGA-B6-A0I5-01Z-00-DX1.47A30509-4BA0-4BA5-AD9B-F2C2DB701159.svs	b99846bc73be320ed4704633cd3c127c	852394027	released
3c86da8b-a37a-43b6-b76f-d83333f5d653	TCGA-B6-A0RQ-01Z-00-DX1.68B4F49D-9F81-4501-BC66-0349012077C8.svs	5cae69812bfcd263a740e4538b6d0595	846469771	released
81100322-018d-4957-bec7-c1833e288434	TCGA-D8-A1Y0-01Z-00-DX1.10F40197-4174-43CC-AAD3-8CB85154FB2D.svs	87a5b4779b912bf12771deab32f09312	844618225	released
e5806a73-54c4-43d1-a44b-db5f43c8e832	TCGA-E9-A5FL-01Z-00-DX1.FB810D6A-303E-45DF-BEF1-D9CE83B4417E.svs	974165ecf6416fbee667776e21e4e489	841538215	released
49867ac2-bb8a-4932-8ced-b8233a7af77b	TCGA-D8-A27E-01Z-00-DX1.7950998F-7E23-4C70-A926-1ADAA5A20BED.svs	8d0e98a5de9e8001f6a79df2c6b0efd0	837033747	released
248c960a-1ed6-4393-9bdd-82dffe30786e	TCGA-BH-A0DX-01Z-00-DX1.45C27E71-9A0A-400E-93A9-5CE7780F3C5E.svs	e6ef095ea81c419482dbaffc44207cdd	835466789	released
9a3a3830-9674-4f9b-985f-e50062e78807	TCGA-A1-A0SJ-01Z-00-DX1.C196FA66-C376-4016-86BC-3D8E745B3A51.svs	6e786e290fdd3e55502cae5dcaa07f66	834556884	released
38ed98cc-095c-4257-b625-d51a71c0800d	TCGA-D8-A1JT-01Z-00-DX2.8DB9BB5B-17F3-4D80-835D-872BA275FD3B.svs	b0f3935d0cf4647e6de1c8bef4b97747	830838633	released
044f28b0-564a-42d8-9df1-ba3fd4d6c014	TCGA-E9-A22D-01Z-00-DX1.b2867437-0add-4b7d-8002-fb09ed961942.svs	5255204176ceba55a6cbadb84c9dafbc	829780345	released
9052f95a-e73d-42f1-a83c-827bc5113af4	TCGA-D8-A1Y0-01Z-00-DX2.7C25E941-12A6-46CE-B1A5-488D08E35684.svs	eb4aaa9268ea9876b2544601077e5e72	826809247	released
a6be974e-54fc-490a-9ba1-97eaa93f2771	TCGA-A2-A1FX-01Z-00-DX1.35B93F3A-9959-4D72-A702-08B27563D24F.svs	5a79317f0bba2836a61e1467681838ff	815972675	released
f15fa016-f47e-4fa7-8f00-920b2111b43c	TCGA-A2-A0EX-01Z-00-DX1.F4C293E9-9BB2-48A1-8080-5F3082E219C5.svs	3d4c45184540c96fb5bfa70103e3e877	814804027	released
978e66db-80be-4b80-9142-09577aa97241	TCGA-BH-A1FE-01Z-00-DX1.8FB57ECF-350B-44E4-8612-63E8374D3C4B.svs	f74caa735fcb811a8af81278684bc28b	803981687	released
cc642734-9367-47b6-9063-ba2918b2d612	TCGA-BH-A1ES-01Z-00-DX1.C54C809F-748F-4BB0-B018-A8A83A4134C0.svs	a5b54e883cdae61d95383916139922c7	803018097	released
a6c15273-4987-4f40-a9de-32fcf9bf3750	TCGA-D8-A27P-01Z-00-DX1.EF426996-D0DC-4418-BEC4-F7CE3C82C869.svs	5164a9ac2d3d2ec7e68a1f95916cbaf8	793823699	released
ee78535a-5441-477e-8e9a-5d60e6a302c8	TCGA-WT-AB44-01Z-00-DX1.B6ECEA7C-DA26-4B34-88CE-6834631DFA35.svs	f15c179de4673f1081f2791659351e2a	793127305	released
afac11db-73a0-4651-922c-60426719320e	TCGA-GM-A3XL-01Z-00-DX1.CCE8AA1D-9194-4E49-9546-DBF25A35847C.svs	050b3126c02b4beb7c3cf2185e907231	791266251	released
d9ab7666-6cdd-4cb4-89fd-e7916e10986a	TCGA-A1-A0SN-01Z-00-DX1.5E9B85AE-AFB7-41DC-8A1B-BD6DA39B6540.svs	212a3db0a57752900f0582e9dad397c2	788102990	released
91f55a25-ae69-4c98-8b31-326b50ecdb26	TCGA-AO-A0J9-01Z-00-DX1.E37C342B-9B6A-4BEE-B064-A82C3579CC66.svs	c47017046f55caa61a43078bc90f1b02	780814062	released
aaec5b23-90e7-47c0-96b1-6554800aa46f	TCGA-E9-A1R6-01Z-00-DX1.59770592-498A-47EA-AE32-42AC1D8E99BE.svs	f8bd2bef9bf0413da4fd0ed07b5ce384	780367739	released
7b8b69cd-5e94-46f6-9732-39ea204d680b	TCGA-E2-A14S-01Z-00-DX1.5C332E99-7296-473A-9917-7EFC38A8251D.svs	fcead6d73c28022353fc4c0e3f5d8b47	778072437	released
9e4fbdb7-824d-4ff4-9bb7-83e67be21b6d	TCGA-B6-A0IB-01Z-00-DX1.BAA1D655-1B80-49E2-B1EB-2ECC83DED989.svs	3843e9d9b2b0c16b27015ccd31488054	772122607	released
4ce98023-70d8-4d74-8118-4d49001c5d64	TCGA-E9-A243-01Z-00-DX1.9A3B34E5-25EF-4243-8680-FABF2F1CCDA9.svs	390d7b7f4ed8a7de89feb145f577b4a2	769829077	released
00d9f621-eb0a-4968-b553-1db2b94d3f98	TCGA-E9-A1R2-01Z-00-DX1.5529C856-4F4F-4F17-94A2-5CEF94A940EB.svs	292dfaca400edf2d36563c2c6ea7163b	763289407	released
984be8a2-6d98-49dd-863a-d20dfc1c9c88	TCGA-S3-AA11-01Z-00-DX1.36B83B37-2928-4DB7-A04A-8D511F1183FD.svs	2064ec8fe752b9c974b2f6584333d66a	762259875	released
8658d69c-cec1-4e8f-a545-3d126d99f158	TCGA-B6-A0I2-01Z-00-DX1.885D2034-73B7-48AE-8343-631F89061C38.svs	6b5c78005814a6a43a76a964b99f31e9	755781227	released
464dd07a-32ee-4da5-8c60-85c0bbe391aa	TCGA-AO-A0JE-01Z-00-DX1.82D33053-E305-47D8-9B02-B55511EBB06D.svs	d11295906eb995bd8a8612ce10a8ac09	746586716	released
d62abc01-ec17-4ea4-abdf-d7ed758abb50	TCGA-BH-A0BR-01Z-00-DX1.F7912887-8AE9-4391-9B83-9AC7B4FF38EF.svs	9b37daf0b6005671a908b8b6e02c3c07	742599605	released
cea82b7d-135a-49d5-b4f6-3fb0215f7188	TCGA-A1-A0SB-01Z-00-DX1.B34C267B-CAAA-4AB6-AD5C-276C26F997A1.svs	c8251741fc092506901596b30ee27cae	741184858	released
b0e88e0a-ff33-4e06-b347-8281ecf03901	TCGA-A7-A425-01Z-00-DX1.812A94B1-0403-4298-A6C5-F71AFD3A9995.svs	4c8832b80b91ec551978fb5c07c9a733	739774317	released
73de69d7-d37c-441f-a34b-b428f147a584	TCGA-D8-A1X7-01Z-00-DX1.3529AEED-2827-4D94-9A8B-32F116EE49D5.svs	8251346319d0b4c38bfc8cf4ac4cba1a	732881467	released
8ffdde89-cb67-4707-a00c-b8d3089a7bf5	TCGA-AR-A256-01Z-00-DX1.950D4546-4BF4-4380-9877-51D86A93D755.svs	dd6f4194204dc5ac3c60d7c9b7a22e4f	729310609	released
dab8b8a4-84ca-4d1c-873d-66007379f075	TCGA-A7-A26E-01Z-00-DX1.BA4A7E28-0563-4C23-82D0-AB34A2E79AE3.svs	8f7ba74a3685d7fc420a8a50f11f8b89	727414559	released
f78dc3fd-21c7-4aa5-a16f-87392cc1a4d4	TCGA-A8-A084-01Z-00-DX1.2B52D1B8-5AD4-4BD6-ADF7-9D65B8EE2621.svs	9b83497a97110df27fbee3395d70b9df	725165054	released
fee53d03-efed-47eb-b261-cb5571715795	TCGA-AO-A12B-01Z-00-DX1.B215230B-5FF7-4B0A-9C1E-5F1658534B11.svs	ef88780f7d6be64792ab71678029501e	722809612	released
95ff8d8c-f9d3-40cd-8fd8-232b3163e680	TCGA-A2-A0ST-01Z-00-DX1.AE05A5DB-4861-40DE-B0F5-7955FC903A96.svs	69ad852c4fde246c6e276195fc651904	722419787	released
9b91d3c8-c250-4f74-9ff7-bb8d11f813a7	TCGA-D8-A1XL-01Z-00-DX1.FDF07020-8F40-4C00-9023-E5F40E0D8A7C.svs	f480b960a74b118291858c94ce115f0f	713303157	released
1941bd60-aa20-4c4c-896e-7b2745426cca	TCGA-GM-A2DI-01Z-00-DX1.5E9715EA-9D2B-49D0-8F1D-972CF24B1960.svs	0ff7346a3071ec5a6ba22fe2d0dbc37a	711084977	released
67f9ed91-0f42-470f-ab83-4d91a77bf20e	TCGA-AO-A03L-01Z-00-DX1.DE6561A9-E6B8-4BF0-AAA8-F91C87A66037.svs	60db1a4a407f5b4ded542b28999410ae	708989054	released
9ffb069b-aa27-42cc-a3ca-fd7740b267ed	TCGA-E9-A1R7-01Z-00-DX1.af9ff432-440e-44ac-bc33-298f5db9a706.svs	43c6ca45927f1fb7d6de8d82b10de581	705934161	released
99995eed-3ed4-44b2-9ee7-93e9979325da	TCGA-E9-A1RF-01Z-00-DX1.ee37dfd4-1431-4e80-bd7e-3e1f878273e0.svs	a4d1c501bc573ac17ab282e67a0818a7	700929347	released
6d2f8fba-faea-44f7-9be5-8bcf2de8ebd6	TCGA-C8-A1HN-01Z-00-DX1.7EBBEAB1-EBB7-456F-8848-AFE2263242B7.svs	0690252e3b94d802b98b956a3a02993f	694961431	released
ebe009d2-cc6c-4557-8dfa-ef0309731ff5	TCGA-A7-A3RF-01Z-00-DX1.E60647BC-229D-4409-A564-EE0945F912EE.svs	9067cf016f81b058dab1fede647dbb8d	692868839	released
035a8ebb-a2c2-41bd-bcb9-8a9f5ac1a8a6	TCGA-E9-A5FK-01Z-00-DX1.3F002C99-B4CA-4068-A816-EAC370A2E8C4.svs	c954a0ce261b9f122929e3eeaedc9344	688025205	released
7d404664-de0a-4e4f-8237-67e1d1620433	TCGA-A8-A09R-01Z-00-DX1.392580F3-0CE5-4EDB-91CF-814AAD0DB649.svs	3b087766b186f292648d4f54e11aea81	683551340	released
e7e631fd-9fab-41af-aa9a-f6501a29af8b	TCGA-D8-A73U-01Z-00-DX1.6ECEF7C0-00CC-4AC2-87BD-DBFB6E0DC042.svs	cf7d8878d33342d6577669fa917acc51	676197071	released
8326cb52-7611-4fb1-af2d-d69e615caf44	TCGA-A2-A0CX-01Z-00-DX1.F07C75AB-E568-45CB-B497-37C712490393.svs	f30505f15c35b77ceafc3f628891b536	675321151	released
96ce4bc0-f846-4a4a-b2a8-925ed5dd423e	TCGA-E2-A15K-01Z-00-DX1.9F424BE2-9BFE-4DFF-8CC9-10D2DADBBEA7.svs	5926966d4bda3ec040a58f0b8dd54591	669361049	released
5588dcbb-ac44-4127-8a1f-5b5e547cf23c	TCGA-A8-A085-01Z-00-DX1.0DA29016-AEA4-4E5F-B679-83095A79F5B3.svs	7bc198c245831ff53a5f26dd116c8b9a	663608510	released
beef6945-bae7-4079-bfeb-f54ef4a7c8de	TCGA-B6-A0IK-01Z-00-DX1.1640DB44-4AC0-4A34-9E21-4673C4289A99.svs	c7ae713098ee8ec33f76c556a1489bab	662149575	released
e1810f6d-a429-46c5-9b44-0f26d2eb22bb	TCGA-A8-A08H-01Z-00-DX1.6AA6A530-3BD3-4582-9D6B-8AE3B4A73948.svs	5310143972c4a3494397bc4a6d02264d	655717922	released
0a9ea7ac-9d51-4ff7-b40b-659a57e64945	TCGA-A1-A0SD-01Z-00-DX1.DB17BFA9-D951-42A8-91D2-F4C2EBC6EB9F.svs	85079bc9f671b29dfebc3d63fdf6b685	655624470	released
bbc64b90-9cd1-4ca6-81e4-560275c073f3	TCGA-AN-A0FT-01Z-00-DX1.6F263AB3-FB1D-4056-AEC2-4F163017324F.svs	a24a50b372ef113d10ebaa1b0b667c32	650975215	released
f6f9cb51-691a-450a-9d46-8e37cfc31645	TCGA-A8-A09B-01Z-00-DX1.97CCDA89-AB73-4F05-A900-668160227B78.svs	30da6721cdd51197853d90bb0eb368fc	644594934	released
03852b0e-6c6b-4ba5-ad32-7876d6608793	TCGA-D8-A145-01Z-00-DX2.B834BF47-1CD6-45EA-BB88-D8ECE1FDDC6A.svs	e1b083dd78362dbd3738a3262a57eb46	640424549	released
3713cf5c-9b76-4093-a98a-8baa779c7d78	TCGA-A8-A09N-01Z-00-DX1.A0E4EF10-5BFF-46A0-94C7-578EA3A88599.svs	528d0bf28bf406647d66e1a8e125bc81	635203992	released
1b24d94f-3ad5-48b9-825a-6e8c2c873da4	TCGA-A7-A5ZV-01Z-00-DX1.21F2EA4A-4F31-43D6-A036-E20E326AF37E.svs	21737416ccf132d34257cd8b408097bf	630509479	released
cf21a217-2920-4a14-aa84-477a0823f904	TCGA-AC-A2FF-01Z-00-DX1.012DAC86-E05C-44FA-81C2-FE4C754F409C.svs	7e669f50e5f4e7f12c91d6f9906fdbfb	627191038	released
4bb75285-9b4a-416e-a669-440ca4f8fd43	TCGA-A8-A08G-01Z-00-DX1.C3BB7FEC-91B7-4B45-8DFC-36CABCC0FD57.svs	b22cab4c501f0d246bb1e27b195cdc49	625819998	released
fb6382c5-6ea6-4822-a259-8b79d9766a6c	TCGA-A8-A07F-01Z-00-DX1.E6FE5B3A-A412-4E7B-A710-7DFD3596F4E3.svs	8da047443db1e00800a47aa6bff32d7a	617569556	released
bdd58916-f09d-4280-877b-0b89d63c8491	TCGA-A7-A0CG-01Z-00-DX2.81138E90-373A-4C12-B9CA-6EEF5F84A5B5.svs	091243674bb0540f6d52c7b1543c29cf	616007727	released
9a37489c-cd3f-4fe3-8ba2-52b2c821459c	TCGA-BH-A0BM-01Z-00-DX1.8BD324F2-60F5-4F59-AF2D-533A5FB230BF.svs	6354266c4eae531a9fabcf8b676248d9	612682483	released
6b166dc2-3584-449a-a4e0-3f60eaaeba00	TCGA-A2-A3KD-01Z-00-DX1.E400D529-A0D1-4C78-AD5C-33EB0508B128.svs	8642ac2d927da72caf32e5c8cf31c272	610822749	released
5e37faf4-63ed-40a3-842b-e37e671e65e0	TCGA-A2-A1G1-01Z-00-DX1.E52A474F-DE13-41CF-94D4-D00BAC46ECF4.svs	72e76001e30963f9e94ebd7c3e5a2201	608017817	released
efca577c-7b6f-4df6-ac6e-6577cb0d3f27	TCGA-A7-A26G-01Z-00-DX1.29A27673-A16D-4044-BCCF-14BF6236D7D3.svs	86367b1427dac1e9b8563270f2f02f23	601419461	released
0415dc25-2014-4f97-8ad5-fe33adc92874	TCGA-JL-A3YW-01Z-00-DX1.827C5C53-9C30-4307-802A-5A7896828A7F.svs	9d591ac065e2342eff5bbe8d7f0892d1	596250311	released
c2e4fe6d-db89-42df-9594-8ef7a6d11490	TCGA-E2-A1IN-01Z-00-DX1.F63F004F-847D-41B0-BAEF-3189D4965838.svs	2ceeb4cc4177941acc1f75c74a9cfd90	595450873	released
9af833c0-30df-4772-91b2-31e4e312f058	TCGA-A2-A0CQ-01Z-00-DX1.4E5FB4E5-A08C-4C87-A3BE-0640A95AE649.svs	89ad1f5e7134d978173f2ed7447b129d	592125143	released
43b25038-2f66-4bd4-b2af-69130271fd1d	TCGA-BH-A0DT-01Z-00-DX1.73AFCEBB-06B1-4870-ADA2-881511B1BE2D.svs	f0f54f392cf356596b59be87303d7f5e	588936539	released
e3508686-d808-4995-a35c-4e41c2b4f601	TCGA-AC-A3TN-01Z-00-DX1.F00E81C7-0CA2-49E8-A30F-DE423538E93C.svs	3d2d36a6b194c5ee8cb10f36dd4b437b	586330930	released
9a20ac7c-92e4-4a49-b103-351bb3fcefcc	TCGA-A8-A09I-01Z-00-DX1.B738E479-8766-4766-B012-B32AC2F27533.svs	d62f40b07acfcd1968fe286be8b61ec9	580709882	released
6636de93-98dd-4078-8e81-8551ac4a87e7	TCGA-PE-A5DC-01Z-00-DX1.8E6953AD-C14A-43F5-B062-E31AB13C7BDF.svs	54e4d0277fccea9d4633b16c96abd81d	574790913	released
4ffc6737-cc10-4394-b543-593e7f3ccedd	TCGA-E9-A1ND-01Z-00-DX1.5C2F5250-A3B2-4B97-9E11-56CF3C7CA2DB.svs	b390894e291e22ec782736e697b3d688	571954381	released
c504ed4e-8dd3-4ce3-89a2-898185b30ee7	TCGA-A2-A4S1-01Z-00-DX1.C69B14F6-5021-4FD8-8F2D-70227A5DA2B1.svs	faceef92744920c73845bb4a15e13444	570108757	released
3d8e9a30-d35d-4a5c-81da-2dfc84f5d707	TCGA-OL-A66I-01Z-00-DX1.8CE9DCAB-98D3-4163-94AC-1557D86C1E25.svs	63c4754997a9b095701b3951d54ae235	564645456	released
fc652741-60ae-4207-9c08-4290e43a28ff	TCGA-A7-A56D-01Z-00-DX1.87D9CCF4-04EE-46D2-B7FC-A83561D7752C.svs	9c81000b6bd9c43aa1286f37059a22c9	559043095	released
f8e9184a-8ef3-4d3b-b08b-f65218178a2b	TCGA-AO-A0JF-01Z-00-DX1.3277D13C-F257-4D4C-AB5C-BEBA2E1A63D8.svs	d13133220b5764aec8bb458bd570f9af	556502234	released
d40c33af-4435-4119-9fa1-d1c7176be1b8	TCGA-AO-A03T-01Z-00-DX1.8B75E203-6DC8-4AC9-A256-6FCB818DA0DD.svs	ebdc9ee8a5d0da5b22826ea69c57c58a	551350858	released
cd10b816-18d6-4bc4-b4bb-41743a2f872a	TCGA-A7-A4SC-01Z-00-DX1.171E89D2-2D64-4C3F-A42C-B1167654858B.svs	11dd73b47006e02aa6b793889c79ae2c	545804111	released
81990d74-6013-4a15-a18a-62dac734d8e5	TCGA-A8-A08F-01Z-00-DX1.9D2222F6-1425-46FD-BC94-728EF835FAC2.svs	c68c0b0cb2e8f58171abcbba53f1115d	543662184	released
f89d1901-eb97-4a7b-9330-cfaa9d73ab20	TCGA-A7-A0DB-01Z-00-DX1.9CE855BC-0C37-43FB-8806-6625E176BE2E.svs	3c142583c40a5a4c6a440d838a9dfdb4	534322145	released
46264d9c-a3cc-4f9a-bb38-8062836859e4	TCGA-A7-A0DC-01Z-00-DX2.795FD529-D7C2-407D-9E8A-5DCE1EF49029.svs	b49535c005f04b6f9f12368a14fc7d2d	527751361	released
f16e8c1b-de75-4869-96e0-8148c14409ec	TCGA-A8-A07O-01Z-00-DX1.3D657129-F2A7-4BC1-A910-805FBDCE2212.svs	355e8a9c84476e66d4b0fab45f6c13d9	519848900	released
bcc8c841-d65a-4ccb-bf9e-510a8a51a028	TCGA-AO-A03P-01Z-00-DX1.D34DA321-D8E3-4D68-BCE2-4A8B72B3D0AE.svs	4e05e78871522033b57cc029fdaac3ba	516361582	released
5e92f89e-5470-4f37-9002-0bb397e7281b	TCGA-E9-A1N9-01Z-00-DX1.982C83A6-0E06-47B3-A7C7-1773A2CD1771.svs	5bbdf57893a688b24d219c4cc712bc7d	514738671	released
8445cfc1-a20a-4b5b-861a-ae8412f4d497	TCGA-BH-A0BP-01Z-00-DX1.63A87C1D-87FA-494D-9836-74290B5DC30D.svs	d09073ad482ecc11d8d47ffe02a58778	511424435	released
1db59757-4a6d-4ea2-b696-ee0218258e27	TCGA-A2-A0YH-01Z-00-DX1.FBA5E711-8275-45B3-BC20-5A786EE23548.svs	d41ffb9dbeeb1ca729af91cc574c4527	505755659	released
aa620e51-58be-41aa-91c0-d944c5e8c09e	TCGA-A8-A0A4-01Z-00-DX1.06C38F98-F34B-49F0-AFB5-7F0086188346.svs	9461f735920a60356360c735d14203fc	502403830	released
aa8f5611-9ea8-4455-9e3c-d725aaae9781	TCGA-A7-A13H-01Z-00-DX2.6C937651-4D3E-475D-99F6-4A9FD25CD48B.svs	a2e81cf490b763b85746a3558fad2dc0	494661675	released
53813098-8298-463a-a940-d4dc708dfffa	TCGA-C8-A26Y-01Z-00-DX1.166EE604-4EF3-401D-99E9-3A9711316CC4.svs	043eaeb3eb1254c909002a6a6c6af6ba	493432387	released
7cffce26-272e-46ce-924a-3255f8ef202a	TCGA-A8-A06T-01Z-00-DX1.BA8B8FC3-6169-48C1-BE1F-37F140CB4D3B.svs	b515b6fcaf204c5d5213aa5b9fc60ce8	491437978	released
ff1e9802-1dc1-410f-9cb1-4ddfad8679b8	TCGA-A7-A0DB-01Z-00-DX2.6C6A5F9C-294F-4A86-A0F1-B68D4729B535.svs	d3a0e15e3658941e005ef76b30b818f4	480175459	released
1d5164fc-1ee7-42b3-906f-20465385eb7b	TCGA-A7-A4SE-01Z-00-DX1.16BC8401-E40E-4A1A-9BD9-12735C9AE3F6.svs	7a000f8cecab9a4e15ad0ba368ba2546	476065355	released
21066ca2-c9b6-4815-986f-e6182ca52112	TCGA-AN-A0XO-01Z-00-DX1.204E554E-B1A8-41AD-8E39-62484DF4E3CD.svs	dcfdfdd38b2c8e422940e590c233a2a9	473415455	released
ab77596c-b37f-4ab2-9416-c5fbee2255b2	TCGA-LL-A73Z-01Z-00-DX1.C010142E-29C0-411D-9E0E-4B7D8A4C09BF.svs	096ea962fedfe53270b6ed78f104373a	468603959	released
cc4e713b-f86a-44b6-b714-458611b268de	TCGA-A8-A07G-01Z-00-DX1.37E8A762-8141-4BE6-935A-B3DCB712BB4A.svs	95de72fe73e512e7863065dd3d620252	462747644	released
127398d0-9372-431e-92bf-fd5589fca3f2	TCGA-AO-A124-01Z-00-DX1.E3C7B017-6154-4630-9BDE-0CAC946D0209.svs	dd3eb5a7b84a0231ff01f0aaa3d77eec	460690910	released
d31e6beb-72f7-4113-9287-6853cf4ed133	TCGA-A7-A4SB-01Z-00-DX1.E8925605-5189-441E-A719-92CFC1118B0B.svs	0835bf278a57201d7a90b5c89d026efe	456239083	released
ce7195d4-4e8a-4920-87ea-03480b8d26fc	TCGA-AO-A03V-01Z-00-DX1.52EBCB72-0C65-4E67-B9BB-DA15494327DE.svs	5bb9dcf114b57edd41225734db27c43a	453227234	released
ce717a46-a25a-42f3-8402-10239838d0c6	TCGA-S3-A6ZH-01Z-00-DX1.E728FF79-4921-436F-BFF5-5B782C0EEB9A.svs	15dbbd40524a3a47a1cd94a21abdf870	446490631	released
8c73843e-9c4c-4f6d-994d-6fa06f66dfcb	TCGA-A8-A07C-01Z-00-DX1.1F069BCA-D2B3-49CF-81FD-9EBA49A3439F.svs	7335f8f39df6c0a49b2ade9b54f36d8a	446066282	released
fcc84daa-5e54-4773-88a8-aa76727ffb6c	TCGA-AC-A2BM-01Z-00-DX1.162A9FA9-6E61-48BF-B0A5-C6C7640ABD9B.svs	f3ba5d0383269d5c9f3ce3ff75491545	445033002	released
ebef3a2a-227f-40f7-9a6d-5138fa43c872	TCGA-E9-A227-01Z-00-DX1.823062BF-3444-489B-AF91-AAD4ECAA1DC7.svs	1533a87c21d3a8e1f1549d5ebe925af3	438362239	released
40ee35c1-83c1-4816-b56e-17dd70ea6591	TCGA-E2-A15I-01Z-00-DX1.DFF60A40-B03D-438F-A233-06132A213619.svs	eef7dbd297584daebdee2414a62b3219	430018179	released
251336b9-396a-43c0-9277-e848a7d38f49	TCGA-A8-A09Q-01Z-00-DX1.C7240AFB-5971-4577-812C-A255C249001A.svs	decd4c92b97580b42dd091b8d8f49c19	428178144	released
30109964-1349-40fd-b13e-eb6d6f21ce6e	TCGA-A8-A06U-01Z-00-DX1.56070AB9-A73E-44B8-8051-D93E8F881BBE.svs	273ac69c7d0544411ce1b59f30f34997	424343006	released
610877e4-a91c-4111-948d-d81927286de4	TCGA-A8-A07L-01Z-00-DX1.D9E1051F-724E-4E88-940A-C97005DC5BEB.svs	8dd542498174195a4b9c5215a4f71375	422059054	released
0a886f18-c44c-4b5e-b243-6df6e27f426a	TCGA-GI-A2C8-01Z-00-DX1.09BD8AC9-645A-4C8B-9B36-77D833BDBA09.svs	a9f830d456b4a1fe0e9bb5b5b99f4b7e	408704377	released
db262a06-ca10-4401-9cae-67629b30041a	TCGA-A8-A093-01Z-00-DX1.1C8056D1-11CD-482D-9A23-3A9D1B4E63F0.svs	42e2cd7fd1408bbcecd8ed7486d64267	402471230	released
a6be75f4-56a9-414e-aef4-41688edc3055	TCGA-A7-A26H-01Z-00-DX1.3344CFD3-5A19-4B01-BEB2-AB89F83FD53A.svs	1087c70348a9e3286d7cd4fba4d7bde1	397422899	released
47040c7b-316f-49dd-998f-938206d97684	TCGA-AQ-A04L-01Z-00-DX1.F35BF4DD-896A-43C2-8DA6-C67945C003BE.svs	a0d4a00e19f588f9c06e8dbd03294e5b	391820876	released
becdc638-0733-45f8-8ebc-41a607c42304	TCGA-AN-A0G0-01Z-00-DX1.BE0BB5DF-DEDA-48D8-B5D8-2735C767F28F.svs	30e2d4c5cadc695e94941390facffd53	382544543	released
31405404-b27c-440e-b211-16003fa09b50	TCGA-A2-A0CK-01Z-00-DX1.C3226BD1-11B0-4034-946A-BAB42958CE85.svs	a1c68960b6ef2bfcc8c2ac3f07f59af7	381312347	released
64f0ea06-7264-4b5d-a904-5e69aa2b2f79	TCGA-AC-A62X-01Z-00-DX1.36FDC9AA-4EBE-40E6-92C2-8471049171A4.svs	4f37ef7fe8323e32892dddd1fe965d53	378499980	released
fc9681e0-c7c7-48cd-8166-4a979b51e5be	TCGA-A8-A095-01Z-00-DX1.97072E53-7323-4836-9D58-22B7C346A7CE.svs	196315aa4f0fd47d675354c86c774676	374766896	released
19ebd0ec-84fa-492d-ba37-62170f3cb643	TCGA-A7-A26F-01Z-00-DX1.7ADE881D-325D-48ED-BA2D-30F589CA8EF2.svs	710d7f0a31607ee2d2bee3e7647ff959	360373059	released
cfc6151a-9722-4572-adcf-cdeb41854df6	TCGA-A8-A07S-01Z-00-DX1.34AFF327-E7FD-49E1-B918-0C09129581FB.svs	d301a8cb90880c18d1b49ddaeda82245	355471812	released
57b7a966-ab1a-4168-bbd1-ad8788383f3c	TCGA-AO-A03R-01Z-00-DX1.DC317201-7F22-4C4A-86A5-ED82C37757C8.svs	9e0493ca8a2b82fd144f1b3dc53b6a4f	353675020	released
36c5fcb4-8df6-448d-9521-7e15fe1b7633	TCGA-BH-A18G-01Z-00-DX1.DB2B5819-CE83-4E07-BD03-2CD9CF2E246C.svs	91e3b86dc9dab4b7546f544604011ca3	346809905	released
8bbe8f11-be82-4513-913c-0dcb5efaf88a	TCGA-AC-A7VC-01Z-00-DX1.EB247544-EADE-419C-B7A7-BB9CC978336F.svs	84d5bf526d42830413f8538e341e84b7	342319300	released
032fc1ed-c515-4b26-a229-f67c1eb6fdc3	TCGA-AC-A5XU-01Z-00-DX1.1AEEFAAF-0906-4086-8022-13B689FAB9F5.svs	46e99794544928c3060249bfa6c0a7b8	340096914	released
0cf5e9dc-bc27-470d-8367-bf2d6e800ba0	TCGA-E9-A1RA-01Z-00-DX1.E1C527C3-EDF2-442A-80FE-3E3AFBC5EF5A.svs	24b885e3376b80be4dcef01b7ea2b53e	328203927	released
0f8ce6d5-182f-41eb-8a1e-fe3bda2dcbbf	TCGA-E9-A1NE-01Z-00-DX1.f332124a-cdab-4ab5-82d1-4b8b7f3c9821.svs	b0403fb0d58c1cd6874d86c77e3b4e79	327486417	released
997dbd8f-9f16-4fc2-8627-d29ee0d74ebe	TCGA-AC-A8OP-01Z-00-DX1.A2AF501D-7DCD-4BE7-93A4-EBCAF0C0D54E.svs	22e233fb47cba57d09baa8463b011359	325803132	released
915ff10d-452f-46be-9ff1-a0ae127e9dd4	TCGA-A7-A26J-01Z-00-DX1.86A92FBD-F346-4206-A1BE-0CBA1596135F.svs	fdb94dbd33be36886182d094d29bcdc3	311939599	released
65ec7026-9cf6-49ce-bc83-0af68229ebb4	TCGA-A8-A08R-01Z-00-DX1.72FBD9A3-5EB9-4855-89EB-697883C2EA9B.svs	a720993cd3c5b5c509fe3451f017d82c	309135748	released
d7a7cc44-e056-4714-98bf-094777f5d589	TCGA-A7-A0D9-01Z-00-DX1.FBC3B90F-C58B-4476-8354-0AF9248324E3.svs	90ba380947aa5ea648c41396b258094a	298601613	released
baea357d-f813-46d8-92ae-62d2beaf6d94	TCGA-HN-A2OB-01Z-00-DX1.14F1FBFB-4540-43CE-9D79-5BC628640424.svs	b7f6054981d9b636ab8f418b7a871ee6	297585642	released
08a55811-3ec5-4bdc-af77-7ce3f086250d	TCGA-AR-A255-01Z-00-DX1.E67C081D-50C9-451C-814B-F097B2671300.svs	ca31c41abb821be3cbce5ace7506be79	290345527	released
b48a915b-d5a0-4642-a60d-ceb9073efaeb	TCGA-AR-A1AO-01Z-00-DX1.244DEE5B-0896-452F-A14D-E290260A9D8F.svs	5f82e1e26406ebf5f6007e5113a19cca	282670981	released
85f58be7-f8c2-46fd-b23e-6b2d457b5d01	TCGA-A8-A096-01Z-00-DX1.FCECFB0D-4E02-4C69-A0FE-7D6C7F9FEB07.svs	9a10b63afd339d5ed339d22c2b579e9f	278594184	released
1abc11f2-f463-41b7-8e84-4e2197fe917f	TCGA-A8-A081-01Z-00-DX1.06D727F7-4B41-419B-A251-3D804235ACE5.svs	f8e5be8326f51d10fe82835081d56312	267557338	released
ed71bea3-384c-4eb3-a2d7-37c21e9e4265	TCGA-AO-A1KQ-01Z-00-DX1.CAB7D9A5-7030-4A33-BE51-9B04D67A7676.svs	fff3233a4997519c0a7486142013d247	247666964	released
6893c05f-2f6b-4c9b-bfa5-928ac5d44cfa	TCGA-E9-A54X-01Z-00-DX1.9BF3DE15-FA5A-459D-9B2E-8EB92F34228D.svs	9cd354ddcf69b348df6077087fa67680	245833285	released
acf61f87-1363-4abb-a435-4d1c78e9a912	TCGA-PL-A8LV-01A-02-DX2.346FF42B-2363-4B37-8884-12D5F841842C.svs	76b6978a36c5c24120b5798f171bd11f	244034918	released
3687e120-6235-4d3c-8176-543a7c6a0014	TCGA-A7-A3J0-01Z-00-DX1.59DB32BC-F59C-43B3-8DDD-4A728EBA8AB8.svs	e1a7226e3920ec5283d818a85cc551d2	231404295	released
7977edc6-5354-4e36-9c0d-9f6acc2373c3	TCGA-A7-A3IY-01Z-00-DX1.B4E75265-3B2A-456C-996A-F95B5A645BF8.svs	bec1a4039e60e2341f855efaa818ce7c	221476731	released
bd7a83d4-fa56-4b66-bc31-8f0640bd1738	TCGA-AC-A3W7-01Z-00-DX1.189BB448-ECBA-4042-8A35-4B787271E8FE.svs	f6691c181a67a770f1a748570a232b79	216089780	released
15668114-65e8-4996-a9ef-0a8a921c6acf	TCGA-A7-A0D9-01Z-00-DX2.66CD9ED8-223B-4AC8-AA1A-2481FB0C47B3.svs	ba65d8654f91cc5c37812c50a3299d32	214245239	released
00ab866f-a0a3-44c0-ad14-c9dc833239a7	TCGA-AC-A3BB-01Z-00-DX1.CE889249-2A5E-44DA-B04E-746BE82CD805.svs	1d9b4feae3ebce3cb527c86a2ef8007c	195400718	released
1b88990d-0a22-4d5e-ad32-68105ab4b597	TCGA-AC-A5XS-01Z-00-DX1.E5F2481E-9314-4B20-84B7-370EF82AF4BB.svs	2dcb58759dd49c687853a5fb08be4bb6	182576020	released
a6126421-0b08-47f8-bd5e-3147ba8c9f96	TCGA-PL-A8LX-01A-01-DX1.9646D69F-A764-4246-9243-67A63006DE96.svs	1c29c60db1cd7dce01f386e9c632e872	181293480	released
7a91188d-2935-4fec-835e-2814f9c8a54d	TCGA-HN-A2NL-01Z-00-DX1.C2EAF378-4B37-4C1C-BB0F-18FAC62EEC13.svs	ae268a0c5abac04cd0b877188c4d0e79	173975284	released
78479de9-a0b9-448d-b277-b5315fc72b8c	TCGA-AC-A6NO-01Z-00-DX1.61B7F48C-6D6E-4C1B-B236-DD130ECBDA9D.svs	c95854cc9faeb9f1b1934fafbdec2083	157827788	released
0aed1454-92b8-46c9-808d-d2413784783f	TCGA-PL-A8LY-01A-02-DX2.6F9520F1-3210-4A96-81C2-A14424F650D1.svs	667300af085359e6bf69c68e5333e370	140748132	released
693d0470-eecc-4457-a97a-d35ea2268188	TCGA-A7-A13G-01Z-00-DX1.C258C545-8C1F-41D4-846F-962A746CBDFB.svs	d5df4e4e00112f7c92abef5b82560e1b	125960225	released
f51678fd-cccb-411c-9b44-85b998a87c77	TCGA-AC-A2FK-01Z-00-DX1.033F3C27-9860-4EF3-9330-37DE5EC45724.svs	5f433f94a6d508a072372137aefef977	122491792	released
ac76ef0e-eab9-4568-ad64-dd9e17a2103a	TCGA-AC-A23H-01Z-00-DX1.8E0AE339-1047-4CA5-BFC5-37A3B10FD8B5.svs	fc30b4bc288b7f631a49db6b5a874b6f	98640572	released
c7e7f3e0-ce33-457c-ab39-f50447427093	TCGA-AC-A2FG-01Z-00-DX1.0F13DE40-9F7A-42C6-AB3D-02E8521B690A.svs	25f43123b8a559d4b4fbc0b0e8ebc357	78708614	released
d21dd1dc-d492-40ce-a726-ee6477507e02	TCGA-AC-A6IV-01Z-00-DX1.DA4F4B9F-9070-4B3A-996F-311E0A989FFB.svs	495cdf980fccfb4e46de222a634e4299	76569398	released
910b5349-046d-483e-8277-fcaa07cb35ca	TCGA-MS-A51U-01Z-00-DX1.490DE85A-ECE5-4E2A-9657-841BE6FFCCA0.svs	0419f5db64ac4dbf6a112948a8eac921	71458533	released
d2d43332-6848-4e05-908a-9b8095d4aedf	TCGA-AC-A23C-01Z-00-DX1.0E67C785-83D3-49AF-B600-FB5B909AE6ED.svs	490835b1618b44b956a86bbfb0870c62	55177906	released
2449ff02-6925-4f25-9074-7c5fbeab0bd2	TCGA-AC-A23G-01Z-00-DX1.2F0326F7-6B77-4B3F-B4FA-59ADB785AA07.svs	69577c95f8b87e992df71f0bcf3d0635	41783236	released
a5b0148b-afba-4cc6-9cb4-c346966d73e3	TCGA-OL-A5S0-01Z-00-DX1.49A7AC9D-C186-406C-BA67-2D73DE82E13B.svs	79bd0efd7eaed6d125575d94874f549f	33757202	released
